Title,Link
Chuy·ªán nh·∫£y vi·ªác cu·ªëi nƒÉm 2021,https://viblo.asia/p/chuyen-nhay-viec-cuoi-nam-2021-4dbZNBekZYM
TƒÉng t·ªëc website: S·ª≠ d·ª•ng Page Cache - L·ªùi m·ªü ƒë·∫ßu,https://viblo.asia/p/tang-toc-website-su-dung-page-cache-loi-mo-dau-gAm5y7pOZdb
Chuy·ªán anh th·ª£ x√¢y P1: BUILD a write-heavy application,https://viblo.asia/p/chuyen-anh-tho-xay-p1-build-a-write-heavy-application-V3m5WQrEZO7
TƒÉng t·ªëc ƒë·ªô build v√† t·ªëi gi·∫£n Docker image,https://viblo.asia/p/tang-toc-do-build-va-toi-gian-docker-image-Eb85oODB52G
"Service Mesh l√† g√¨, ƒë√≥ng vai tr√≤ nh∆∞ th·∫ø n√†o trong Microservices Architecture?",https://viblo.asia/p/service-mesh-la-gi-dong-vai-tro-nhu-the-nao-trong-microservices-architecture-djeZ1jr3lWz
TƒÉng t·ªëc website Nuxt.js v·ªõi page-level caching module,https://viblo.asia/p/tang-toc-website-nuxtjs-voi-page-level-caching-module-LzD5dMM4KjY
C√°ch vi·∫øt code HTML ƒë·ªÉ t·ªëi ∆∞u SEO,https://viblo.asia/p/cach-viet-code-html-de-toi-uu-seo-Ljy5VDa9Zra
Chat chit v√† b·ª©c tranh v·ªÅ realtime communication,https://viblo.asia/p/chat-chit-va-buc-tranh-ve-realtime-communication-maGK7vRA5j2
Y·∫øu t·ªë n√†o ƒë·ªÉ tr·ªü th√†nh Global Software Engineer?,https://viblo.asia/p/yeu-to-nao-de-tro-thanh-global-software-engineer-E375zrYJ5GW
Performance Optimization 106: Caching - con ƒë∆∞·ªùng l·∫Øm ch√¥ng gai,https://viblo.asia/p/performance-optimization-106-caching-con-duong-lam-chong-gai-XL6lA07AZek
005: Hi·ªÉu v·ªÅ Join ƒë·ªÉ tƒÉng performance v·ªõi PostgreSQL,https://viblo.asia/p/005-hieu-ve-join-de-tang-performance-voi-postgresql-924lJjpXlPM
CenterNet - CenterTrack - TraDeS: T·ª´ object detection ƒë·∫øn multiple object tracking,https://viblo.asia/p/centernet-centertrack-trades-tu-object-detection-den-multiple-object-tracking-jvEla9Molkw
010: Nh·∫ßm t∆∞·ªüng v·ªÅ Data race v√† Race condition?,https://viblo.asia/p/010-nham-tuong-ve-data-race-va-race-condition-bWrZnVG9Zxw
"C√πng √¥n l·∫°i c√°c kh√°i ni·ªám v·ªÅ C·∫•u tr√∫c d·ªØ li·ªáu, Gi·∫£i thu·∫≠t, ƒê·ªô ph·ª©c t·∫°p thu·∫≠t to√°n.",https://viblo.asia/p/cung-on-lai-cac-khai-niem-ve-cau-truc-du-lieu-giai-thuat-do-phuc-tap-thuat-toan-Eb85oVy6l2G
Vi·∫øt m·ªôt tr√¨nh ƒë√≥ng g√≥i code t∆∞∆°ng t·ª± webpack,https://viblo.asia/p/viet-mot-trinh-dong-goi-code-tuong-tu-webpack-aWj53jjYl6m
004: Concurrent v√† parallel,https://viblo.asia/p/004-concurrent-va-parallel-RQqKLGV657z
003: Thread v√† Process,https://viblo.asia/p/003-thread-va-process-gDVK2eeA5Lj
Chuy·ªán ƒë√≥ kh√¥ng d·ªÖ l·∫Øm,https://viblo.asia/p/chuyen-do-khong-de-lam-E375zVDR5GW
L·ªô tr√¨nh 2 nƒÉm ƒë·ªÉ tr·ªü th√†nh l·∫≠p tr√¨nh vi√™n Reactjs chuy√™n nghi·ªáp,https://viblo.asia/p/lo-trinh-2-nam-de-tro-thanh-lap-trinh-vien-reactjs-chuyen-nghiep-gDVK24xvlLj
Code ƒë·∫°o -  ƒê·∫°o c·ªßa ng∆∞·ªùi vi·∫øt code,https://viblo.asia/p/code-dao-dao-cua-nguoi-viet-code-07LKX7AJ5V4
Ph√¢n t√≠ch CVE-2021-26295 Apache OFBIZ,https://viblo.asia/p/phan-tich-cve-2021-26295-apache-ofbiz-RQqKLGMO57z
TiÃÄm hi√™Ãâu v√™ÃÄ Text Steganography,https://viblo.asia/p/tim-hieu-ve-text-steganography-07LKXoVD5V4
H√†nh tr√¨nh AI c·ªßa m·ªôt sinh vi√™n t·ªìi,https://viblo.asia/p/hanh-trinh-ai-cua-mot-sinh-vien-toi-m68Z0AVzlkG
"Facebook v√† google ""hi·ªÉu"" ch√∫ng ta nh∆∞ th·∫ø n√†o?",https://viblo.asia/p/facebook-va-google-hieu-chung-ta-nhu-the-nao-924lJmB8ZPM
Caching ƒë·∫°i ph√°p 1: N·∫•c thang l√™n level c·ªßa developer,https://viblo.asia/p/caching-dai-phap-1-nac-thang-len-level-cua-developer-V3m5WdO8KO7
Con ƒë∆∞·ªùng AI c·ªßa t√¥i,https://viblo.asia/p/con-duong-ai-cua-toi-XL6lADwpZek
Git workflow ƒë∆∞·ª£c Google v√† Facebook s·ª≠ d·ª•ng c√≥ g√¨ hay ho,https://viblo.asia/p/git-workflow-duoc-google-va-facebook-su-dung-co-gi-hay-ho-yMnKM2arZ7P
[Deep Learning] Key Information Extraction from document using Graph Convolution Network - B√†i to√°n tr√≠ch r√∫t th√¥ng tin t·ª´ h√≥a ƒë∆°n v·ªõi Graph Convolution Network,https://viblo.asia/p/deep-learning-key-information-extraction-from-document-using-graph-convolution-network-bai-toan-trich-rut-thong-tin-tu-hoa-don-voi-graph-convolution-network-djeZ1yPGZWz
Reindex Elasticsearch data with zero downtime,https://viblo.asia/p/reindex-elasticsearch-data-with-zero-downtime-QpmlebPn5rd
Performance Optimization 102: Scalability v√† c√¢u chuy·ªán v·ªÅ ·∫£o t∆∞·ªüng distributed,https://viblo.asia/p/performance-optimization-102-scalability-va-cau-chuyen-ve-ao-tuong-distributed-3Q75wQA9ZWb
Performance Optimization 101: Nh·ªØng c√¢u h·ªèi c∆° b·∫£n,https://viblo.asia/p/performance-optimization-101-nhung-cau-hoi-co-ban-Qbq5Q9BE5D8
Con ƒë∆∞·ªùng m√¨nh tr·ªü th√†nh Software Engineer ·ªü Singapore,https://viblo.asia/p/con-duong-minh-tro-thanh-software-engineer-o-singapore-bJzKmaoDK9N
Instagram - Thi·∫øt K·∫ø H·ªá Th·ªëng c√≥ g√¨ hay? üíª,https://viblo.asia/p/instagram-thiet-ke-he-thong-co-gi-hay-maGK70GOZj2
OpenCRX: XXE to RCE,https://viblo.asia/p/opencrx-xxe-to-rce-RQqKLbkMl7z
Th·∫ø n√†o m·ªõi l√† 1 DevOps th·∫≠t s·ª±,https://viblo.asia/p/the-nao-moi-la-1-devops-that-su-m68Z0ab6lkG
S·ª≠ d·ª•ng AI ƒë√°nh gi√° s·∫£n ph·∫©m tr√™n Lazada(Tiki) d·ª±a tr√™n comment,https://viblo.asia/p/su-dung-ai-danh-gia-san-pham-tren-lazadatiki-dua-tren-comment-aWj53b9ol6m
Zing MP3 - T√¥i ƒë√£ khai th√°c API nh∆∞ th·∫ø n√†o ?,https://viblo.asia/p/zing-mp3-toi-da-khai-thac-api-nhu-the-nao-L4x5xvdaZBM
Nh·ªØng ƒëi·ªÅu m√¨nh h·ªçc ƒë∆∞·ª£c sau 3 nƒÉm l√†m CTO c√¥ng ty c√¥ng ngh·ªá,https://viblo.asia/p/nhung-dieu-minh-hoc-duoc-sau-3-nam-lam-cto-cong-ty-cong-nghe-WAyK89QoZxX
Implement Multi-Connections Download in Go - Part I,https://viblo.asia/p/implement-multi-connections-download-in-go-part-i-4P856q01lY3
Semantic Versioning,https://viblo.asia/p/semantic-versioning-OeVKBN2EKkW
"C√≠u, tui merge PR v√†o nh·∫ßm nh√°nh r·ªìi üò±",https://viblo.asia/p/ciu-tui-merge-pr-vao-nham-nhanh-roi-3P0lPqrv5ox
"B√†i to√°n ""Super fast API"" v·ªõi Golang v√† Mongodb",https://viblo.asia/p/bai-toan-super-fast-api-voi-golang-va-mongodb-3Q75wmA7ZWb
M·ªôt s·ªë Design Principles trong l·∫≠p tr√¨nh m√† b·∫°n n√™n bi·∫øt,https://viblo.asia/p/mot-so-design-principles-trong-lap-trinh-ma-ban-nen-biet-eW65GvJOlDO
[Deep Learning] - Thu·∫≠t to√°n Faster-RCNN v·ªõi b√†i to√°n ph√°t hi·ªán ƒë∆∞·ªùng l∆∞·ª°i b√≤ - Faster-RCNN object detection algorithm for Nine-dash-line detection!,https://viblo.asia/p/deep-learning-thuat-toan-faster-rcnn-voi-bai-toan-phat-hien-duong-luoi-bo-faster-rcnn-object-detection-algorithm-for-nine-dash-line-detection-bJzKmREOZ9N
Change Retrofit's Base Url at runtime.,https://viblo.asia/p/change-retrofits-base-url-at-runtime-ORNZqDLMK0n
Refactoring UI - nh·ªØng m·∫πo hay v√† d·ªÖ d√†ng ƒë·ªÉ c√≥ UI web ƒë·∫πp nh∆∞ trong m∆°,https://viblo.asia/p/refactoring-ui-nhung-meo-hay-va-de-dang-de-co-ui-web-dep-nhu-trong-mo-Qpmler775rd
T·∫°o ·∫£nh gif t·ª´ sticker Facebook,https://viblo.asia/p/tao-anh-gif-tu-sticker-facebook-RQqKLLkbK7z
Gi·∫£i ƒë√°p th·∫Øc m·∫Øc v·ªÅ Variable v√† b·ªô nh·ªõ trong Python,https://viblo.asia/p/giai-dap-thac-mac-ve-variable-va-bo-nho-trong-python-Az45bzgz5xY
Ki·ªÉm tra m·ªôt s·ªë c√≥ ph·∫£i s·ªë nguy√™n t·ªë kh√¥ng b·∫±ng regex?,https://viblo.asia/p/kiem-tra-mot-so-co-phai-so-nguyen-to-khong-bang-regex-ORNZqDGGK0n
ECDSA - h·ªá m·∫≠t d·ª±a tr√™n ƒë∆∞·ªùng cong Elliptic v√† ·ª©ng d·ª•ng trong Blockchain,https://viblo.asia/p/ecdsa-he-mat-dua-tren-duong-cong-elliptic-va-ung-dung-trong-blockchain-XL6lA4oDZek
M·ªôt S·ªë L∆∞u √ù Khi ƒê·ªçc Research Paper Cho Ng∆∞·ªùi M·ªõi,https://viblo.asia/p/mot-so-luu-y-khi-doc-research-paper-cho-nguoi-moi-naQZR910Kvx
"Khi n√†o refactor, khi n√†o code ?",https://viblo.asia/p/khi-nao-refactor-khi-nao-code-1VgZv0dO5Aw
1 ng√†y l√†m analytic: ƒêo l∆∞·ªùng CCU theo th·ªùi gian th·ª±c,https://viblo.asia/p/1-ngay-lam-analytic-do-luong-ccu-theo-thoi-gian-thuc-4P856L0BZY3
[Become A SuperUser] Filesystem Hierarchy Standard,https://viblo.asia/p/become-a-superuser-filesystem-hierarchy-standard-gAm5ybw8Kdb
Ngh·ªá thu·∫≠t x·ª≠ l√Ω background job ph·∫ßn 2: Job order with concurrent worker,https://viblo.asia/p/nghe-thuat-xu-ly-background-job-phan-2-job-order-with-concurrent-worker-LzD5d1YOKjY
[Paper Explain][Segmentation] T√≥m t·∫Øt n·ªôi dung  v√† implement paper BiSeNet v·ªõi PyTorch,https://viblo.asia/p/paper-explainsegmentation-tom-tat-noi-dung-va-implement-paper-bisenet-voi-pytorch-eW65GLDOKDO
C·∫ßn l√†m g√¨ khi b·∫Øt ƒë·∫ßu 1 d·ª± √°n m·ªõi,https://viblo.asia/p/can-lam-gi-khi-bat-dau-1-du-an-moi-QpmlearDlrd
T·∫°i sao m·∫°ng t√≠ch ch·∫≠p l·∫°i ho·∫°t ƒë·ªông hi·ªáu qu·∫£?,https://viblo.asia/p/tai-sao-mang-tich-chap-lai-hoat-dong-hieu-qua-jvEla076Zkw
S·ª± kh√°c nhau gi·ªØa Linear Classification v√† Linear Regression? T·∫•t c·∫£ nh·ªØng g√¨ b·∫°n c·∫ßn bi·∫øt v·ªÅ 2 m√¥ h√¨nh c∆° b·∫£n nh·∫•t ML.,https://viblo.asia/p/su-khac-nhau-giua-linear-classification-va-linear-regression-tat-ca-nhung-gi-ban-can-biet-ve-2-mo-hinh-co-ban-nhat-ml-OeVKBvMdKkW
Leo thang ƒë·∫∑c quy·ªÅn trong Linux - Linux Privilege Escalation #0: Using Sudo Rights,https://viblo.asia/p/leo-thang-dac-quyen-trong-linux-linux-privilege-escalation-0-using-sudo-rights-3Q75w8x2KWb
"FFmpeg v√† 20 c√¢u l·ªánh c∆° b·∫£n x·ª≠ l√Ω √¢m thanh, h√¨nh ·∫£nh v√† video",https://viblo.asia/p/ffmpeg-va-20-cau-lenh-co-ban-xu-ly-am-thanh-hinh-anh-va-video-naQZRYBAKvx
"N√¢ng cao ch·∫•t l∆∞·ª£ng code v√† hi·ªáu qu·∫£ l√†m vi·ªác nh√≥m v·ªõi Husky, Lint-Staged, CommitLint",https://viblo.asia/p/nang-cao-chat-luong-code-va-hieu-qua-lam-viec-nhom-voi-husky-lint-staged-commitlint-4dbZNnMnZYM
Closures.,https://viblo.asia/p/closures-07LKXbWDlV4
How Shopee improving SEO with React Single Page App,https://viblo.asia/p/how-shopee-improving-seo-with-react-single-page-app-jvElayGzlkw
C·∫£i thi·ªán t·ªëc ƒë·ªô ch·∫°y RSpec v·ªõi TestProf v√† RubyProf,https://viblo.asia/p/cai-thien-toc-do-chay-rspec-voi-testprof-va-rubyprof-924lJ4A0KPM
Ph√¢n t√≠ch m√£ gen SARS-CoV-2 b·∫±ng m·ªôt s·ªë th∆∞ vi·ªán Python,https://viblo.asia/p/phan-tich-ma-gen-sars-cov-2-bang-mot-so-thu-vien-python-oOVlY2YQ58W
"Gi√°m s√°t ·ª©ng d·ª•ng Docker v·ªõi cAdvisor, Prometheus v√† Grafana",https://viblo.asia/p/giam-sat-ung-dung-docker-voi-cadvisor-prometheus-va-grafana-RQqKLevMZ7z
T·∫°i sao n√™n ch·∫°y ·ª©ng d·ª•ng container v·ªõi Non-Root User,https://viblo.asia/p/tai-sao-nen-chay-ung-dung-container-voi-non-root-user-jvEla3VNKkw
Automation Test v·ªõi Docker v√† Gitlab CI,https://viblo.asia/p/automation-test-voi-docker-va-gitlab-ci-yMnKMv2DZ7P
Software Architect: Bad practices,https://viblo.asia/p/software-architect-bad-practices-4dbZNJ0gZYM
K·ª≥ √°n t·ªëc ƒë·ªô: N·ªói oan c·ªßa ch√†ng Redis,https://viblo.asia/p/ky-an-toc-do-noi-oan-cua-chang-redis-RQqKLQJzZ7z
[Deep Learning] Graph Neural Network - A literature review and applications,https://viblo.asia/p/deep-learning-graph-neural-network-a-literature-review-and-applications-6J3ZgP0qlmB
"Tin t·ª©c CSS th√°ng 8, 2020 c√≥ g√¨ m·ªõi",https://viblo.asia/p/tin-tuc-css-thang-8-2020-co-gi-moi-1Je5Eyy05nL
Nh·∫≠p m√¥n CICD v·ªõi Gitlab,https://viblo.asia/p/nhap-mon-cicd-voi-gitlab-07LKX9WPZV4
"T√¥i b·ªã m·∫•t ti·ªÅn r·ªìi..., ng√¢n h√†ng ƒë·ªÅn ti·ªÅn t√¥i ƒëi !!!",https://viblo.asia/p/toi-bi-mat-tien-roi-ngan-hang-den-tien-toi-di-aWj5332856m
C√°ch m√† Google & Amazon qu√©t s·∫°ch h√†ng ng√†n JS developers x·∫•u s·ªë ch·ªâ b·ªüi 1 c√¢u interview ƒë∆°n gi·∫£n!,https://viblo.asia/p/cach-ma-google-amazon-quet-sach-hang-ngan-js-developers-xau-so-chi-boi-1-cau-interview-don-gian-1VgZveBRKAw
Ngh·ªá thu·∫≠t x·ª≠ l√Ω background job ph·∫ßn 3: Push h√†ng tri·ªáu notification m·ªói gi·ªù,https://viblo.asia/p/nghe-thuat-xu-ly-background-job-phan-3-push-hang-trieu-notification-moi-gio-vyDZO7L7Zwj
"Th√¥i xong, tui push secret key l√™n github r·ªìi üò±",https://viblo.asia/p/thoi-xong-tui-push-secret-key-len-github-roi-1Je5ED0GlnL
Minify file and obfuscate CSS class names,https://viblo.asia/p/minify-file-and-obfuscate-css-class-names-RnB5p3pdlPG
T√¥i ƒë√£ hack h·ªá th·ªëng ƒëi·ªÉm danh c·ªßa tr∆∞·ªùng m√¨nh nh∆∞ th·∫ø n√†o?,https://viblo.asia/p/toi-da-hack-he-thong-diem-danh-cua-truong-minh-nhu-the-nao-gDVK2JDjKLj
T·∫•n c√¥ng Prototype Pollution tr√™n c√°c ·ª©ng d·ª•ng NodeJS,https://viblo.asia/p/tan-cong-prototype-pollution-tren-cac-ung-dung-nodejs-oOVlYwLvK8W
Javascript v√† nh·ªØng c√¢u h·ªèi kh√≥ - part 2,https://viblo.asia/p/javascript-va-nhung-cau-hoi-kho-part-2-63vKjwjxZ2R
Feature Engineering (Ph·∫ßn 3): Feature engineering v·ªõi d·ªØ li·ªáu d·∫°ng ph√¢n lo·∫°i (Categorical Data),https://viblo.asia/p/feature-engineering-phan-3-feature-engineering-voi-du-lieu-dang-phan-loai-categorical-data-GrLZDQx2lk0
Build Your Own Artificial Intelligence Assistant similar to Google Assistant,https://viblo.asia/p/build-your-own-artificial-intelligence-assistant-similar-to-google-assistant-GrLZD8BBZk0
LIBRA - N·ªÅn t·∫£ng ti·ªÅn m√£ h√≥a s·∫Øp ƒë∆∞·ª£c c√¥ng b·ªë c·ªßa Facebook,https://viblo.asia/p/libra-nen-tang-tien-ma-hoa-sap-duoc-cong-bo-cua-facebook-ORNZqjwGl0n
JavaScript v√† nh·ªØng c√¢u h·ªèi kh√≥ - Part 1,https://viblo.asia/p/javascript-va-nhung-cau-hoi-kho-part-1-E375zgyjKGW
Indexing encrypted database field for search,https://viblo.asia/p/indexing-encrypted-database-field-for-search-RQqKL2xNl7z
Zero-downtime v·ªõi Kubernetes P1: Truly stateless application,https://viblo.asia/p/zero-downtime-voi-kubernetes-p1-truly-stateless-application-ORNZqjErl0n
C√°c b∆∞·ªõc c·∫ßn th·ª±c hi·ªán khi l√†m m·ªôt s·∫£n ph·∫©m AI trong th·ª±c t·∫ø,https://viblo.asia/p/cac-buoc-can-thuc-hien-khi-lam-mot-san-pham-ai-trong-thuc-te-RnB5pyLYKPG
Zalo ƒë√£ m√£ h√≥a Web API c·ªßa h·ªç nh∆∞ th·∫ø n√†o?,https://viblo.asia/p/zalo-da-ma-hoa-web-api-cua-ho-nhu-the-nao-yMnKMY4zK7P
T√¥i ƒë√£ hack 40 website trong 7 ph√∫t nh∆∞ th·∫ø n√†o,https://viblo.asia/p/toi-da-hack-40-website-trong-7-phut-nhu-the-nao-ByEZk3poZQ0
Docker image in production - c√¢u chuy·ªán 1GB hay 100MB,https://viblo.asia/p/docker-image-in-production-cau-chuyen-1gb-hay-100mb-LzD5dXyE5jY
Elasticsearch: Gi·ªõi thi·ªáu,https://viblo.asia/p/elasticsearch-gioi-thieu-m68Z0LWNZkG
VN-celeb: D·ªØ li·ªáu khu√¥n m·∫∑t ng∆∞·ªùi n·ªïi ti·∫øng Vi·ªát Nam v√† b√†i to√°n Face recognition,https://viblo.asia/p/vn-celeb-du-lieu-khuon-mat-nguoi-noi-tieng-viet-nam-va-bai-toan-face-recognition-Az45bG9VKxY
Thi·∫øt k·∫ø h·ªá th·ªëng URL Shortening gi·ªëng Bit.ly ch·ªãu t·∫£i 6 t·ª∑ click 1 th√°ng,https://viblo.asia/p/thiet-ke-he-thong-url-shortening-giong-bitly-chiu-tai-6-ty-click-1-thang-Ljy5VY1zlra
H·ªá g·ª£i √Ω b·∫±ng thu·∫≠t to√°n S√∏rensen‚ÄìDice trong Rails v·ªõi gem Predictor,https://viblo.asia/p/he-goi-y-bang-thuat-toan-sorensendice-trong-rails-voi-gem-predictor-6J3ZggXBZmB
·ª®ng d·ª•ng Machine translation v√†o b√†i to√°n th√™m d·∫•u cho Ti·∫øng Vi·ªát kh√¥ng d·∫•u (AIVIVN challenge 3),https://viblo.asia/p/ung-dung-machine-translation-vao-bai-toan-them-dau-cho-tieng-viet-khong-dau-aivivn-challenge-3-3P0lP4a8lox
Sentence Vectors: C√°c ph∆∞∆°ng ph√°p m√¥ h√¨nh h√≥a c√¢u vƒÉn l√™n kh√¥ng gian vector,https://viblo.asia/p/sentence-vectors-cac-phuong-phap-mo-hinh-hoa-cau-van-len-khong-gian-vector-WAyK8dkWKxX
Docker API,https://viblo.asia/p/docker-api-3P0lPeo85ox
B√†n v·ªÅ c√°c nguy√™n l√Ω l·∫≠p tr√¨nh,https://viblo.asia/p/ban-ve-cac-nguyen-ly-lap-trinh-E375zXe1ZGW
"H·ªá th·ªëng analytic ""s∆∞∆°ng s∆∞∆°ng"" t·ª´ d·ªØ li·ªáu 30 tri·ªáu ng∆∞·ªùi d√πng",https://viblo.asia/p/he-thong-analytic-suong-suong-tu-du-lieu-30-trieu-nguoi-dung-vyDZOwwRZwj
Ti·∫øp c·∫≠n reverse engineering javascript - Case study: Chatwork,https://viblo.asia/p/tiep-can-reverse-engineering-javascript-case-study-chatwork-aWj53661l6m
Xin ƒê·ª´ng Ng√°o AI...,https://viblo.asia/p/xin-dung-ngao-ai-ByEZkOPWZQ0
Docker image tagging strategy for deploying to production,https://viblo.asia/p/docker-image-tagging-strategy-for-deploying-to-production-924lJW465PM
T√¨m hi·ªÉu v√† x√¢y d·ª±ng c√°c h·ªá th·ªëng Chatbot trong th·ª±c th·∫ø,https://viblo.asia/p/tim-hieu-va-xay-dung-cac-he-thong-chatbot-trong-thuc-the-XL6lA8D4Zek
[AI Interview]  12  c√¢u h·ªèi ph·ªèng v·∫•n Deep Learning si√™u hay kh√¥ng th·ªÉ b·ªè qua,https://viblo.asia/p/ai-interview-12-cau-hoi-phong-van-deep-learning-sieu-hay-khong-the-bo-qua-LzD5djvEZjY
T√°ch l·ªùi kh·ªèi nh·∫°c: c√¥ng c·ª• kh√¥ng th·ªÉ thi·∫øu cho c√°c producer ph√≤ng ng·ªß,https://viblo.asia/p/tach-loi-khoi-nhac-cong-cu-khong-the-thieu-cho-cac-producer-phong-ngu-1Je5EXPLlnL
M·ªôt ·ª©ng d·ª•ng tr√™n Hyperledger Fabric s·∫Ω tr√¥ng nh∆∞ th·∫ø n√†o ?,https://viblo.asia/p/mot-ung-dung-tren-hyperledger-fabric-se-trong-nhu-the-nao-ORNZqGxN50n
Con ƒë∆∞·ªùng m√¨nh ƒëang ƒëi ƒë·ªÉ tr·ªü th√†nh Fullstack Web Developer,https://viblo.asia/p/con-duong-minh-dang-di-de-tro-thanh-fullstack-web-developer-maGK7VWx5j2
H·ªá ƒëi·ªÅu h√†nh m√°y t√≠nh ho·∫°t ƒë·ªông nh∆∞ th·∫ø n√†o? (ph·∫ßn 1),https://viblo.asia/p/he-dieu-hanh-may-tinh-hoat-dong-nhu-the-nao-phan-1-aWj534BbK6m
Try out JIT compiler with PHP 8.0,https://viblo.asia/p/try-out-jit-compiler-with-php-80-RnB5pwMYlPG
√îng To·∫±n Vi L·ªëc - ·ª®ng d·ª•ng Deep Learning t·ª± ƒë·ªông t·∫°o kho nh·∫°c beat karaoke si√™u to kh·ªïng l·ªì,https://viblo.asia/p/ong-toan-vi-loc-ung-dung-deep-learning-tu-dong-tao-kho-nhac-beat-karaoke-sieu-to-khong-lo-Eb85owPW52G
"Th·ª±c hi·ªán trinh s√°t - thƒÉm d√≤ email v·ªõi c√¥ng c·ª• buster. H∆∞·ªõng d·∫´n thƒÉm d√≤ crush, ng∆∞·ªùi y√™u th·ªùi ƒë·∫°i 4.0",https://viblo.asia/p/thuc-hien-trinh-sat-tham-do-email-voi-cong-cu-buster-huong-dan-tham-do-crush-nguoi-yeu-thoi-dai-40-Eb85owY852G
Modern Recommendation Systems in Real Application,https://viblo.asia/p/modern-recommendation-systems-in-real-application-L4x5x11BKBM
C∆° b·∫£n c√°c b∆∞·ªõc ti·∫øp c·∫≠n ƒë·ªÉ d·ªãch ng∆∞·ª£c m·ªôt game Unity,https://viblo.asia/p/co-ban-cac-buoc-tiep-can-de-dich-nguoc-mot-game-unity-4dbZNqyLKYM
B·∫°n ƒëang vi·∫øt commit message nh∆∞ th·∫ø n√†o?,https://viblo.asia/p/ban-dang-viet-commit-message-nhu-the-nao-gDVK22A0KLj
"Tham chi·∫øu v√† ghi ch√∫ ng·∫Øn v·ªÅ ES6, ESNext",https://viblo.asia/p/tham-chieu-va-ghi-chu-ngan-ve-es6-esnext-Do7544PQ5M6
√îng To·∫±n Vi L·ªëc -  ·ª®ng d·ª•ng Deep Learning  t·ª± ƒë·ªông sinh ra series audio truy·ªán ma si√™u to kh·ªïng l·ªì,https://viblo.asia/p/ong-toan-vi-loc-ung-dung-deep-learning-tu-dong-sinh-ra-series-audio-truyen-ma-sieu-to-khong-lo-bJzKmwqkl9N
Ethereum ho·∫°t ƒë·ªông nh∆∞ th·∫ø n√†o ?,https://viblo.asia/p/ethereum-hoat-dong-nhu-the-nao-6J3ZgwoEZmB
Original DOM vs. Shadow DOM vs. Virtual DOM,https://viblo.asia/p/original-dom-vs-shadow-dom-vs-virtual-dom-GrLZDQO3lk0
[Deep Learning] Thi·∫øt k·∫ø module OCR cho b√†i to√°n nh·∫≠n di·ªán ch·ªØ c·ªï Nh·∫≠t B·∫£n - Building OCR module for Kuzushiji recognition,https://viblo.asia/p/deep-learning-thiet-ke-module-ocr-cho-bai-toan-nhan-dien-chu-co-nhat-ban-building-ocr-module-for-kuzushiji-recognition-V3m5WPngKO7
HTTP/3 l√† g√¨?,https://viblo.asia/p/http3-la-gi-RQqKLPNMK7z
Gi·∫£i tr√≠ m√πa corona - ·ª®ng d·ª•ng Deep Learning t·ª± ƒë·ªông ch∆°i game o·∫£n t√π t√¨ v·ªõi deeplearn.js,https://viblo.asia/p/giai-tri-mua-corona-ung-dung-deep-learning-tu-dong-choi-game-oan-tu-ti-voi-deeplearnjs-LzD5ddwE5jY
Rubber Ducking ‚Äì K·ªπ thu·∫≠t Debug th∆∞·ª£ng th·ª´a,https://viblo.asia/p/rubber-ducking-ky-thuat-debug-thuong-thua-bJzKmxNO59N
HTTP Common Method Properties,https://viblo.asia/p/http-common-method-properties-4P856NBB5Y3
T·∫°o chatbot tr√™n Chatwork t·ª± ƒë·ªông gi·∫£i ƒë√°p th√¥ng tin v·ªÅ d·ªãch COVID-2020,https://viblo.asia/p/tao-chatbot-tren-chatwork-tu-dong-giai-dap-thong-tin-ve-dich-covid-2020-924lJq9XZPM
Nh·∫≠t k√Ω l√†m h·ªá th·ªëng getLink vip Fshare trong 48h,https://viblo.asia/p/nhat-ky-lam-he-thong-getlink-vip-fshare-trong-48h-m68Z07v6KkG
T·∫°o Extension Get T·∫•t C·∫£ Profile C·ªßa C√°c Members Trong M·ªôt Group Facebook Ra File Excel,https://viblo.asia/p/tao-extension-get-tat-ca-profile-cua-cac-members-trong-mot-group-facebook-ra-file-excel-oOVlYLRaZ8W
Leo thang ƒë·∫∑c quy·ªÅn trong Linux - Linux Privilege Escalation #1: Using SUID bit,https://viblo.asia/p/leo-thang-dac-quyen-trong-linux-linux-privilege-escalation-1-using-suid-bit-QpmlexgrZrd
MySQL Performance Tuning: A Real World Example,https://viblo.asia/p/mysql-performance-tuning-a-real-world-example-eW65Gbe6lDO
Gi·ªõi thi·ªáu Hype Cycle - v√† c√¢u chuy·ªán ch√∫ng ta ƒëang ƒë·ª©ng ·ªü ƒë√¢u trong chu k·ª≥ bong b√≥ng,https://viblo.asia/p/gioi-thieu-hype-cycle-va-cau-chuyen-chung-ta-dang-dung-o-dau-trong-chu-ky-bong-bong-Az45baxqlxY
Vi·∫øt m·ªôt ·ª©ng d·ª•ng Chat Bot nh·∫Øc l·ªãch h·ªçc ch∆∞a bao gi·ªù d·ªÖ d√†ng ƒë·∫øn th·∫ø v·ªõi Google Script,https://viblo.asia/p/viet-mot-ung-dung-chat-bot-nhac-lich-hoc-chua-bao-gio-de-dang-den-the-voi-google-script-63vKjkJkZ2R
X√¢y d·ª±ng bi·ªÉu ƒë·ªì ph√¢n t√≠ch ch·ª©ng kho√°n s·ª≠ d·ª•ng Python (P1),https://viblo.asia/p/xay-dung-bieu-do-phan-tich-chung-khoan-su-dung-python-p1-vyDZOaXO5wj
"Thu·∫≠t to√°n x·∫øp h·∫°ng b√†i vi·∫øt ƒëang hot, th·ªãnh h√†nh nh∆∞ Reddit v√† Hacker News ho·∫°t ƒë·ªông th·∫ø n√†o?",https://viblo.asia/p/thuat-toan-xep-hang-bai-viet-dang-hot-thinh-hanh-nhu-reddit-va-hacker-news-hoat-dong-the-nao-gAm5y8xXldb
L√≠ do t√¥i y√™u Docker,https://viblo.asia/p/li-do-toi-yeu-docker-ORNZqxRMK0n
C√°ch ph√¢n t√≠ch ƒë·ªô ph·ª©c t·∫°p th·ªùi gian: ƒê·∫øm b∆∞·ªõc thu·∫≠t to√°n,https://viblo.asia/p/cach-phan-tich-do-phuc-tap-thoi-gian-dem-buoc-thuat-toan-924lJpAWKPM
C√°ch m√¨nh t·ª´ng ng√†y c·∫£i thi·ªán kƒ© nƒÉng code Javascript,https://viblo.asia/p/cach-minh-tung-ngay-cai-thien-ki-nang-code-javascript-aWj5367ol6m
√îng To·∫±n Vi L·ªëc - B√≠ k√≠p v√µ c√¥ng ƒë·ªÉ t·∫°o m√¥ h√¨nh si√™u si√™u nh·ªè li ti v·ªõi ƒë·ªô ch√≠nh x√°c kh·ªïng l·ªì,https://viblo.asia/p/ong-toan-vi-loc-bi-kip-vo-cong-de-tao-mo-hinh-sieu-sieu-nho-li-ti-voi-do-chinh-xac-khong-lo-Qpmleon9Krd
L√†m th·∫ø n√†o ƒë·ªÉ d√πng m·ªôt model cho nhi·ªÅu c√¥ng chuy·ªán?,https://viblo.asia/p/lam-the-nao-de-dung-mot-model-cho-nhieu-cong-chuyen-1VgZv40O5Aw
T·ª± ƒëo ch·ªâ s·ªë √¥ nhi·ªÖm kh√¥ng kh√≠ t·∫°i nh√† v·ªõi sensor v√† Raspberry Pi,https://viblo.asia/p/tu-do-chi-so-o-nhiem-khong-khi-tai-nha-voi-sensor-va-raspberry-pi-YWOZrBBvZQ0
JavaScript: Popup,https://viblo.asia/p/javascript-popup-gAm5yXxXldb
X√¢y d·ª±ng giao di·ªán Android v·ªõi FlexBox,https://viblo.asia/p/xay-dung-giao-dien-android-voi-flexbox-maGK7kgbKj2
"So s√°nh c√°c n·ªÅn t·∫£ng t√¨m ki·∫øm m√£ ngu·ªìn m·ªü  Elasticsearch, SOLR v√† SPHINX",https://viblo.asia/p/so-sanh-cac-nen-tang-tim-kiem-ma-nguon-mo-elasticsearch-solr-va-sphinx-djeZ1b8mlWz
Memory Leak l√† g√¨? M·ªôt s·ªë c√°ch ƒë·ªÉ tr√°nh Memory Leak,https://viblo.asia/p/memory-leak-la-gi-mot-so-cach-de-tranh-memory-leak-924lJdYbKPM
T·ª± t√¨m ni·ªÅm vui qua ·ª©ng d·ª•ng h√°t karaoke b·∫±ng HTML5 Audio,https://viblo.asia/p/tu-tim-niem-vui-qua-ung-dung-hat-karaoke-bang-html5-audio-924lJE9aZPM
JavaScript: Iterator v√† Generator,https://viblo.asia/p/javascript-iterator-va-generator-07LKXMQ4ZV4
[Handbook CV with DL - Ph·∫ßn 2] B√†i to√°n ph√¢n lo·∫°i h√¨nh ·∫£nh - Image Classification v·ªõi Tensorflow v√† Tensorboard,https://viblo.asia/p/handbook-cv-with-dl-phan-2-bai-toan-phan-loai-hinh-anh-image-classification-voi-tensorflow-va-tensorboard-1Je5EJa1KnL
Mobile First trong Web Responsive Design,https://viblo.asia/p/mobile-first-trong-web-responsive-design-XL6lAN9R5ek
H·ªçc c√°ch Twitter ngƒÉn ng∆∞·ªùi d√πng View Page Source (How Twitter prevents user from View Page Source),https://viblo.asia/p/hoc-cach-twitter-ngan-nguoi-dung-view-page-source-how-twitter-prevents-user-from-view-page-source-gDVK29m25Lj
"Gi·ªõi thi·ªáu c√¥ng c·ª• VisBug, ch√≠nh ch·ªß Google l√†m ra gi√∫p cu·ªôc ƒë·ªùi FrontEnd Designer c·ªßa b·∫°n b·ªõt kh·ªï c·ª±c (c·∫≠p nh·∫≠t v1.1)",https://viblo.asia/p/gioi-thieu-cong-cu-visbug-chinh-chu-google-lam-ra-giup-cuoc-doi-frontend-designer-cua-ban-bot-kho-cuc-cap-nhat-v11-YWOZrz8pZQ0
Lu·∫≠n v·ªÅ password hashing,https://viblo.asia/p/luan-ve-password-hashing-yMnKMOJzl7P
Zero Knowledge Proof v√† privacy tr√™n Blockchain - Part 1,https://viblo.asia/p/zero-knowledge-proof-va-privacy-tren-blockchain-part-1-Do754pq05M6
Hyperledger - b·∫Øt ƒë·∫ßu v·ªõi Fabric hay Composer?,https://viblo.asia/p/hyperledger-bat-dau-voi-fabric-hay-composer-Ljy5VM0klra
"3 hi·ªÉu l·∫ßm c·ªßa ActiveRecord l√†m ch·∫≠m Rails: Count, Where and Present",https://viblo.asia/p/3-hieu-lam-cua-activerecord-lam-cham-rails-count-where-and-present-4P85630GKY3
[Laravel]H·ªèi ƒë√°p v·ªÅ Laravel Ph·∫ßn 1,https://viblo.asia/p/laravelhoi-dap-ve-laravel-phan-1-1VgZva7MKAw
[Handbook CV with DL - Ph·∫ßn 1] C√°c kh√°i ni·ªám c∆° b·∫£n trong Computer Vision v√† Deep Learning,https://viblo.asia/p/handbook-cv-with-dl-phan-1-cac-khai-niem-co-ban-trong-computer-vision-va-deep-learning-maGK7p2MZj2
CORS,https://viblo.asia/p/cors-Qpmle2er5rd
"[Machine Learning] Attention, Attention, Attention, ...!",https://viblo.asia/p/machine-learning-attention-attention-attention-eW65GPJYKDO
·ª®ng d·ª•ng AI t·ª± ƒë·ªông chuy·ªÉn m√†n h√¨nh code khi ph√°t hi·ªán s·∫øp ƒë·∫øn g·∫ßn,https://viblo.asia/p/ung-dung-ai-tu-dong-chuyen-man-hinh-code-khi-phat-hien-sep-den-gan-naQZRJMAZvx
Th·ª≠ l√†m ·ª©ng d·ª•ng t√¥ m√†u ·∫£nh v·ªõi m·∫°ng Deep Learning,https://viblo.asia/p/thu-lam-ung-dung-to-mau-anh-voi-mang-deep-learning-1Je5EJQjKnL
Using Capybara with RSpec live testing in a browser,https://viblo.asia/p/using-capybara-with-rspec-live-testing-in-a-browser-4P8566P15Y3
ƒêo v·∫≠n t·ªëc nh√≥m Agile Scrum c·ªßa b·∫°n,https://viblo.asia/p/do-van-toc-nhom-agile-scrum-cua-ban-E375zwz6KGW
Digit Recognizer with PyTorch,https://viblo.asia/p/digit-recognizer-with-pytorch-bWrZnPab5xw
Putting Together a Golang App V,https://viblo.asia/p/putting-together-a-golang-app-v-Do754ppe5M6
Data visualization trong Machine Learning - Ph·∫ßn 2,https://viblo.asia/p/data-visualization-trong-machine-learning-phan-2-gDVK2RwnKLj
Build docker image without docker,https://viblo.asia/p/build-docker-image-without-docker-bJzKm7LOl9N
HTML5 Web Woker: Truy·ªÅn d·ªØ li·ªáu,https://viblo.asia/p/html5-web-woker-truyen-du-lieu-4P8566gR5Y3
"Kaggle Challenge Solution: Quick, Draw! Doodle Recognition Challenge",https://viblo.asia/p/kaggle-challenge-solution-quick-draw-doodle-recognition-challenge-07LKX2aJlV4
X√¢y d·ª±ng h·ªá th·ªëng t√¨m ki·∫øm nh·∫°c b·∫±ng √¢m thanh v·ªõi Python v√† Approximate Nearest Neighbors,https://viblo.asia/p/xay-dung-he-thong-tim-kiem-nhac-bang-am-thanh-voi-python-va-approximate-nearest-neighbors-924lJbXWlPM
Tu·ªët tu·ªìn tu·ªôt v·ªÅ Stream trong Java8,https://viblo.asia/p/tuot-tuon-tuot-ve-stream-trong-java8-Qbq5QvwwKD8
HTTP authentication in Ruby on Rails,https://viblo.asia/p/http-authentication-in-ruby-on-rails-yMnKMA4QK7P
M·ªôt transaction trong Ethereum ƒë∆∞·ª£c x·∫£y ra nh∆∞ th·∫ø n√†o ?,https://viblo.asia/p/mot-transaction-trong-ethereum-duoc-xay-ra-nhu-the-nao-maGK7mYDlj2
React - Introducing Hooks,https://viblo.asia/p/react-introducing-hooks-QpmleERNlrd
[Question] L√†m th·∫ø n√†o ƒë·ªÉ lu√¥n c·∫≠p nh·∫≠t ki·∫øn th·ª©c trong lƒ©nh v·ª±c Machine Learning?,https://viblo.asia/p/question-lam-the-nao-de-luon-cap-nhat-kien-thuc-trong-linh-vuc-machine-learning-maGK7mBxlj2
HTML 5 Web Worker: nh·ªØng ƒëi·ªÅu c∆° b·∫£n,https://viblo.asia/p/html-5-web-worker-nhung-dieu-co-ban-LzD5d08Y5jY
Data visualization trong Machine Learning - Ph·∫ßn 1,https://viblo.asia/p/data-visualization-trong-machine-learning-phan-1-bWrZnp8w5xw
T·∫°o SSL Certificate Authority cho HTTPS tr√™n local,https://viblo.asia/p/tao-ssl-certificate-authority-cho-https-tren-local-1VgZvpQY5Aw
Monitoring Project,https://viblo.asia/p/monitoring-project-QpmleEzNlrd
M·ªôt s·ªë c√¢u h·ªèi ph·ªèng v·∫•n Android b·∫°n n√™n l∆∞u √Ω (ph·∫ßn 1),https://viblo.asia/p/mot-so-cau-hoi-phong-van-android-ban-nen-luu-y-phan-1-3Q75wkLQ5Wb
L√Ω thuy·∫øt v·ªÅ m·∫°ng Bayes v√† ·ª©ng d·ª•ng v√†o b√†i to√°n l·ªçc th∆∞ r√°c,https://viblo.asia/p/ly-thuyet-ve-mang-bayes-va-ung-dung-vao-bai-toan-loc-thu-rac-07LKXzkelV4
"Authentication with Google OAuth using Nodejs, Passportjs, MongoDB",https://viblo.asia/p/authentication-with-google-oauth-using-nodejs-passportjs-mongodb-gAm5yqAV5db
T·ªïng quan v·ªÅ Traefik,https://viblo.asia/p/tong-quan-ve-traefik-XL6lAA8Dlek
Little endian vs. Big endian,https://viblo.asia/p/little-endian-vs-big-endian-E375z0pWZGW
T√¨m hi·ªÉu v·ªÅ resume download,https://viblo.asia/p/tim-hieu-ve-resume-download-Qbq5QL6RlD8
H∆∞·ªõng d·∫´n Tensorflow c∆° b·∫£n - Ph·∫ßn 6 - Softmax Classification MNIST,https://viblo.asia/p/huong-dan-tensorflow-co-ban-phan-6-softmax-classification-mnist-4P856jDW5Y3
PageRank c·ªßa Google,https://viblo.asia/p/pagerank-cua-google-RQqKLvVOl7z
H∆∞·ªõng d·∫´n Tensorflow c∆° b·∫£n - Ph·∫ßn 5 - Binary Classification MNIST,https://viblo.asia/p/huong-dan-tensorflow-co-ban-phan-5-binary-classification-mnist-4P856jr35Y3
X√¢y d·ª±ng ch∆∞∆°ng tr√¨nh t√≥m t·∫Øt vƒÉn b·∫£n (ti·∫øng Vi·ªát) ƒë∆°n gi·∫£n v·ªõi Machine Learning,https://viblo.asia/p/xay-dung-chuong-trinh-tom-tat-van-ban-tieng-viet-don-gian-voi-machine-learning-YWOZrgAwlQ0
L·∫≠p l·ªãch kh√¥ng d√πng crontab cho Rails app tr√™n Heroku,https://viblo.asia/p/lap-lich-khong-dung-crontab-cho-rails-app-tren-heroku-07LKXNQplV4
Blockchain - hacking smart contract with Ethernaut CTF (Part 4),https://viblo.asia/p/blockchain-hacking-smart-contract-with-ethernaut-ctf-part-4-gGJ59j7rKX2
NLP: Khmer Word Segmentation,https://viblo.asia/p/nlp-khmer-word-segmentation-YWOZrgNNlQ0
H∆∞·ªõng d·∫´n t·ª± h·ªçc Tensorflow C∆° b·∫£n - B√†i 4 - Housing Data Processing,https://viblo.asia/p/huong-dan-tu-hoc-tensorflow-co-ban-bai-4-housing-data-processing-3P0lPm3P5ox
5 Best Practices v·ªÅ c·∫•u tr√∫c khi l√†m vi·ªác v·ªõi React,https://viblo.asia/p/5-best-practices-ve-cau-truc-khi-lam-viec-voi-react-maGK7jGb5j2
C√°c gi·∫£i ph√°p t·∫°o file PDF trong Ruby on Rails,https://viblo.asia/p/cac-giai-phap-tao-file-pdf-trong-ruby-on-rails-3P0lPz8GKox
"JavaScript: async/await, nh·ªØng keyword gi√∫p ch√∫ng ta code b·∫•t ƒë·ªìng b·ªô d·ªÖ h∆°n bao gi·ªù h·∫øt",https://viblo.asia/p/javascript-asyncawait-nhung-keyword-giup-chung-ta-code-bat-dong-bo-de-hon-bao-gio-het-Qbq5QLxRlD8
Stack Overflow & Buffer Overflow: Introduction and Exploitation,https://viblo.asia/p/stack-overflow-buffer-overflow-introduction-and-exploitation-bWrZngOmlxw
Php v·ªõi Cassandra,https://viblo.asia/p/php-voi-cassandra-6J3ZgB3PKmB
H∆∞·ªõng d·∫´n t·ª± h·ªçc Tensorflow C∆° b·∫£n - B√†i 3 - Eager Executing trong Linear Regression,https://viblo.asia/p/huong-dan-tu-hoc-tensorflow-co-ban-bai-3-eager-executing-trong-linear-regression-4P856jnL5Y3
Storage trong Ethereum smart contract,https://viblo.asia/p/storage-trong-ethereum-smart-contract-OeVKByMr5kW
Web Architecture 101,https://viblo.asia/p/web-architecture-101-07LKXNB8lV4
[Paper Explained] Product Quantization for Approximate Nearest Neighbor Search,https://viblo.asia/p/paper-explained-product-quantization-for-approximate-nearest-neighbor-search-yMnKMA6gK7P
Ph√¢n t√≠ch ph·∫£n h·ªìi kh√°ch h√†ng hi·ªáu qu·∫£ v·ªõi Machine learning(Vietnamese Sentiment Analysis),https://viblo.asia/p/phan-tich-phan-hoi-khach-hang-hieu-qua-voi-machine-learningvietnamese-sentiment-analysis-Eb85opXOK2G
S·ª≠ d·ª•ng MessagePack cho websocket trong Phoenix,https://viblo.asia/p/su-dung-messagepack-cho-websocket-trong-phoenix-Qbq5QA945D8
C·∫•u tr√∫c d·ªØ li·ªáu B+Tree v√† ·ª©ng d·ª•ng trong b√†i to√°n x·ª≠ l√Ω t·∫≠p c√≥ th·ª© t·ª±,https://viblo.asia/p/cau-truc-du-lieu-btree-va-ung-dung-trong-bai-toan-xu-ly-tap-co-thu-tu-Ljy5VWQjKra
UX Best Practices: Thi·∫øt k·∫ø l·∫°i ·∫£nh ch·ª•p App cho th·∫≠t n·ªïi b·∫≠t (Updated),https://viblo.asia/p/ux-best-practices-thiet-ke-lai-anh-chup-app-cho-that-noi-bat-updated-4dbZN8285YM
Android WorkManager - C√°ch th·ª©c ti·∫øp c·∫≠n m·ªõi v·ªõi schedule job !,https://viblo.asia/p/android-workmanager-cach-thuc-tiep-can-moi-voi-schedule-job-WAyK8LkkKxX
S·ª≠ d·ª•ng Vuex ƒë·ªÉ qu·∫£n l√Ω state trong VueJS,https://viblo.asia/p/su-dung-vuex-de-quan-ly-state-trong-vuejs-djeZ1D4mKWz
5 l·ªói b·∫£o m·∫≠t c∆° b·∫£n trong Rails app hay g·∫∑p trong th·ª±c t·∫ø,https://viblo.asia/p/5-loi-bao-mat-co-ban-trong-rails-app-hay-gap-trong-thuc-te-gAm5yjGkKdb
Navigation Architecture Component - H·ªçc v·ªõi h√†nh (P2),https://viblo.asia/p/navigation-architecture-component-hoc-voi-hanh-p2-jvElaWozKkw
Deploy Laravel s·ª≠ d·ª•ng Elastic Beanstalk,https://viblo.asia/p/deploy-laravel-su-dung-elastic-beanstalk-gAm5yjXVKdb
P vs. NP v√† chuy·ªán b·∫£o m·∫≠t,https://viblo.asia/p/p-vs-np-va-chuyen-bao-mat-RQqKLAwMZ7z
T·ªïng quan HTTP/2,https://viblo.asia/p/tong-quan-http2-aWj53OEQ56m
T·∫°o Language Model ƒë·ªÉ t·ª± ƒë·ªông sinh vƒÉn b·∫£n ti·∫øng Vi·ªát,https://viblo.asia/p/tao-language-model-de-tu-dong-sinh-van-ban-tieng-viet-E375zxEjZGW
Ngh·ªÅ l·∫≠p tr√¨nh 2018,https://viblo.asia/p/nghe-lap-trinh-2018-gAm5yj3OKdb
Nh·∫≠n d·∫°ng ch·ªØ Kanji v√† Deploy m√¥ h√¨nh Deep Learning v·ªõi Tensorflow JS,https://viblo.asia/p/nhan-dang-chu-kanji-va-deploy-mo-hinh-deep-learning-voi-tensorflow-js-m68Z03q9KkG
Rails Security Checklist (Part 1),https://viblo.asia/p/rails-security-checklist-part-1-Do754jaLZM6
Paging Lib - T·ªëi ∆∞u h√≥a t·∫£i d·ªØ li·ªáu l√™n RecyclerView trong ·ª©ng d·ª•ng Android !,https://viblo.asia/p/paging-lib-toi-uu-hoa-tai-du-lieu-len-recyclerview-trong-ung-dung-android-YWOZrgERlQ0
NLP: Khmer Word Segmentation(part I),https://viblo.asia/p/nlp-khmer-word-segmentationpart-i-63vKjRxyK2R
Putting Together a Golang App III,https://viblo.asia/p/putting-together-a-golang-app-iii-V3m5Wo985O7
M·ªôt v√†i th·ªß thu·∫≠t nh·ªè khi s·ª≠ d·ª•ng d√≤ng l·ªánh Linux,https://viblo.asia/p/mot-vai-thu-thuat-nho-khi-su-dung-dong-lenh-linux-RnB5pX9r5PG
"Chuy·ªán ph·ªèng v·∫•n hay l√† v·ªÅ b√†i to√°n format s·ªë ti·ªÅn. [Update ng√†y, 9/8]",https://viblo.asia/p/chuyen-phong-van-hay-la-ve-bai-toan-format-so-tien-update-ngay-98-Az45bxmwZxY
H∆∞·ªõng d·∫´n t·ª± h·ªçc Tensorflow c∆° b·∫£n -  Ph·∫ßn 2 - Linear Regression,https://viblo.asia/p/huong-dan-tu-hoc-tensorflow-co-ban-phan-2-linear-regression-1VgZvEamKAw
H∆∞·ªõng d·∫´n t·ª± h·ªçc Tensorflow C∆° b·∫£n Ph·∫ßn 1 - Basic data types and Operators,https://viblo.asia/p/huong-dan-tu-hoc-tensorflow-co-ban-phan-1-basic-data-types-and-operators-4P856j3O5Y3
X√¢y d·ª±ng m·ªôt h·ªá th·ªëng g·ª£i √Ω Collaborative Filtering d·ªÖ d√†ng nh∆∞ th·∫ø n√†o?,https://viblo.asia/p/xay-dung-mot-he-thong-goi-y-collaborative-filtering-de-dang-nhu-the-nao-GrLZDXv3Zk0
[For Newbie] Nh·ªØng ki·∫øn th·ª©c kh√¥ng th·ªÉ thi·∫øu n·∫øu mu·ªën s·ª≠ d·ª•ng RSpec trong Rails app,https://viblo.asia/p/for-newbie-nhung-kien-thuc-khong-the-thieu-neu-muon-su-dung-rspec-trong-rails-app-naQZRbJAZvx
Linux b·∫Øt ngu·ªìn t·ª´ ƒë√¢u ?,https://viblo.asia/p/linux-bat-nguon-tu-dau-6J3ZgB9LKmB
T·∫°o secret key m√£ ho√° data d·ª±a tr√™n Elliptic Curve Cryptography,https://viblo.asia/p/tao-secret-key-ma-hoa-data-dua-tren-elliptic-curve-cryptography-07LKXN4rlV4
Continue With Machine Learning - Building Recommendation System,https://viblo.asia/p/continue-with-machine-learning-building-recommendation-system-V3m5WByQlO7
[Write-up] meepwn contract  - MEEPWN CTF Qualification Round 2018,https://viblo.asia/p/write-up-meepwn-contract-meepwn-ctf-qualification-round-2018-Qbq5QLAmlD8
M·ªôt s·ªë ti·ªán √≠ch c·ªßa Firefox h·ªó tr·ª£ ki·ªÉm th·ª≠ ph·∫ßn m·ªÅm,https://viblo.asia/p/mot-so-tien-ich-cua-firefox-ho-tro-kiem-thu-phan-mem-07LKXNDPlV4
Ph·∫ßn 2. C√°c c√°ch export k·∫øt qu·∫£ sau khi ki·ªÉm th·ª≠ t·ª± ƒë·ªông  s·ª≠ d·ª•ng Python,https://viblo.asia/p/phan-2-cac-cach-export-ket-qua-sau-khi-kiem-thu-tu-dong-su-dung-python-vyDZOP9Glwj
"T√¨m hi·ªÉu v·ªÅ HTTP Cache Manger, HTTP Cookie Manager, HTTP Authorization Manager trong JMeter",https://viblo.asia/p/tim-hieu-ve-http-cache-manger-http-cookie-manager-http-authorization-manager-trong-jmeter-4dbZN70ylYM
Putting Together a Golang App Part I,https://viblo.asia/p/putting-together-a-golang-app-part-i-Qbq5QLJXlD8
H·ªá th·ªëng truy v·∫•n h√¨nh ·∫£nh Th·ªùi trang s·ª≠ d·ª•ng Deep Learning tr√™n n·ªÅn t·∫£ng Mobile v√† Cloud Computing,https://viblo.asia/p/he-thong-truy-van-hinh-anh-thoi-trang-su-dung-deep-learning-tren-nen-tang-mobile-va-cloud-computing-Qpmle9Ymlrd
A thing or two about redis,https://viblo.asia/p/a-thing-or-two-about-redis-maGK7M2Olj2
Ph·∫ßn 5: ElasticSearch: Modeling data and handling Relationships,https://viblo.asia/p/phan-5-elasticsearch-modeling-data-and-handling-relationships-V3m5W2qQlO7
OOP: Th·∫ø n√†o l√† m·ªôt object t·ªët?,https://viblo.asia/p/oop-the-nao-la-mot-object-tot-gAm5ypMwldb
Qu·∫£n l√Ω toolbar trong m·ªôt ·ª©ng d·ª•ng s·ª≠ d·ª•ng Fragment Navigation Pattern nh∆∞ th·∫ø n√†o cho ƒë·ª° stress?,https://viblo.asia/p/quan-ly-toolbar-trong-mot-ung-dung-su-dung-fragment-navigation-pattern-nhu-the-nao-cho-do-stress-eW65Gwy65DO
Machine Learning v·ªõi Javascript.,https://viblo.asia/p/machine-learning-voi-javascript-1VgZvwvmlAw
Combine Clean Architecture and Google Architecture Component - Best practice for mobile architecture building,https://viblo.asia/p/combine-clean-architecture-and-google-architecture-component-best-practice-for-mobile-architecture-building-ByEZk94Y5Q0
Laravel File Uploads - Overengineering?,https://viblo.asia/p/laravel-file-uploads-overengineering-1VgZvNA7ZAw
12 c√°ch t·ªëi ∆∞u ho√° website - th·ªùi ƒë·∫°i c·ªßa mobile-first,https://viblo.asia/p/12-cach-toi-uu-hoa-website-thoi-dai-cua-mobile-first-gGJ59gLDZX2
Blockchain - hacking smart contract with Ethernaut CTF (Part 1),https://viblo.asia/p/blockchain-hacking-smart-contract-with-ethernaut-ctf-part-1-bWrZnN8pZxw
Vim: Buffer/Window/Tab (Part 1),https://viblo.asia/p/vim-bufferwindowtab-part-1-1Je5EEp15nL
Learn sed,https://viblo.asia/p/learn-sed-jvElaE96lkw
Progressive Web App: Xo√° nho√† kho·∫£ng c√°ch gi·ªØa web v√† mobile apps,https://viblo.asia/p/progressive-web-app-xoa-nhoa-khoang-cach-giua-web-va-mobile-apps-924lJY2mZPM
AWS EC2 Managed Host Using Docker Machine,https://viblo.asia/p/aws-ec2-managed-host-using-docker-machine-WAyK8kDW5xX
Deep Learning: Faceswap model,https://viblo.asia/p/deep-learning-faceswap-model-4P8560vWZY3
H·ªçc Regular Expression v√† cu·ªôc ƒë·ªùi b·∫°n s·∫Ω b·ªõt kh·ªï (Updated v2.2),https://viblo.asia/p/hoc-regular-expression-va-cuoc-doi-ban-se-bot-kho-updated-v22-Az45bnoO5xY
"PHP Autoloading, PSR4 and Composer",https://viblo.asia/p/php-autoloading-psr4-and-composer-V3m5Wy0QZO7
"Gi·ªõi thi·ªáu v·ªÅ Deep Learning, Deep Learning ho·∫°t ƒë·ªông nh∆∞ th·∫ø n√†o?",https://viblo.asia/p/gioi-thieu-ve-deep-learning-deep-learning-hoat-dong-nhu-the-nao-3Q75w2nDlWb
Web Push Notification,https://viblo.asia/p/web-push-notification-Qbq5QW1EZD8
PHP Unit Test 401: T·∫°o b√°o c√°o Coverage Reports v√† ch·ªâ s·ªë CRAP,https://viblo.asia/p/php-unit-test-401-tao-bao-cao-coverage-reports-va-chi-so-crap-ByEZkWXWZQ0
Ph·∫ßn 1: T·ª± t·∫°o ra m·ªôt c√¥ng ngh·ªá Blockchain c·ªßa ri√™ng m√¨nh,https://viblo.asia/p/phan-1-tu-tao-ra-mot-cong-nghe-blockchain-cua-rieng-minh-4P856031ZY3
H∆∞·ªõng d·∫´n s·ª≠ d·ª•ng GPU tr√™n Google Collaboratory,https://viblo.asia/p/huong-dan-su-dung-gpu-tren-google-collaboratory-Qbq5QWpRZD8
"Threads, Processes, Parallel Programing in Ruby (part3)",https://viblo.asia/p/threads-processes-parallel-programing-in-ruby-part3-1VgZvNa9ZAw
Gi·∫£i th√≠ch v·ªÅ Javascript th·ªùi hi·ªán ƒë·∫°i cho kh·ªßng long,https://viblo.asia/p/giai-thich-ve-javascript-thoi-hien-dai-cho-khung-long-Eb85oBM2l2G
"[XP Series] Ph·∫ßn 1: C√°c ""Gi√° tr·ªã c·ªët l√µi"" trong Extreme Programming (XP)",https://viblo.asia/p/xp-series-phan-1-cac-gia-tri-cot-loi-trong-extreme-programming-xp-Eb85oBX6l2G
AWS Directory Service,https://viblo.asia/p/aws-directory-service-oOVlY1Erl8W
Scopes hay Class method,https://viblo.asia/p/scopes-hay-class-method-1Je5EEYw5nL
From programming language to software architecture,https://viblo.asia/p/from-programming-language-to-software-architecture-bJzKm0aE59N
JavaScript: code b·∫•t ƒë·ªìng b·ªô d·ªÖ d√†ng h∆°n v·ªõi Promise,https://viblo.asia/p/javascript-code-bat-dong-bo-de-dang-hon-voi-promise-XL6lAAp4lek
React Sketch.app ƒëi·ªÉm h√≤a tr·ªôn gi·ªØa code v√† design,https://viblo.asia/p/react-sketchapp-diem-hoa-tron-giua-code-va-design-Qpmle9eMlrd
Th√™m Fonts v√† FontIcons v√†o ·ª©ng d·ª•ng React Native,https://viblo.asia/p/them-fonts-va-fonticons-vao-ung-dung-react-native-1VgZvwD2lAw
T·ªëi ∆∞u l·∫°i code Laravel  c·ªßa ch√≠nh m√¨nh,https://viblo.asia/p/toi-uu-lai-code-laravel-cua-chinh-minh-eW65GwGJ5DO
Quy t·∫Øc 333 hay l√† phi·∫øm ƒë√†m v·ªÅ chuy·ªán ph·ªèng v·∫•n Senior Developer,https://viblo.asia/p/quy-tac-333-hay-la-phiem-dam-ve-chuyen-phong-van-senior-developer-GrLZDwDBKk0
Hi·ªÉu r√µ h∆°n v·ªÅ Git qua b√†i to√°n x√¢y d·ª±ng kho h√†ng,https://viblo.asia/p/hieu-ro-hon-ve-git-qua-bai-toan-xay-dung-kho-hang-V3m5W1LEZO7
HTML Questions - Front End Interview Handbook,https://viblo.asia/p/html-questions-front-end-interview-handbook-Do754MbeKM6
T·ª´ PHP nh·∫£y sang code Ruby th√¨ c√≥ g√¨ vui?!,https://viblo.asia/p/tu-php-nhay-sang-code-ruby-thi-co-gi-vui-ByEZk9y25Q0
Javascript - H·ªèi ƒë√°p v·ªÅ javascript [Ph·∫ßn 2],https://viblo.asia/p/javascript-hoi-dap-ve-javascript-phan-2-3Q75w2jQlWb
Auto deploy Node.js app l√™n server qua SSH v·ªõi GitLab CI/CD v√† PM2,https://viblo.asia/p/auto-deploy-nodejs-app-len-server-qua-ssh-voi-gitlab-cicd-va-pm2-1Je5Ed44lnL
B√†i to√°n ph√¢n quy·ªÅn v·∫•n ƒë·ªÅ mu√¥n thu·ªü.,https://viblo.asia/p/bai-toan-phan-quyen-van-de-muon-thuo-1VgZvw9mlAw
H·ªôi ngh·ªã Developer Circles Hanoi F8 Meetup by Facebook c√≥ g√¨?,https://viblo.asia/p/hoi-nghi-developer-circles-hanoi-f8-meetup-by-facebook-co-gi-OeVKBRYdKkW
B√†i to√°n c√°c v·ªã t∆∞·ªõng Byzantine v√† ·ª©ng d·ª•ng trong Blockchain,https://viblo.asia/p/bai-toan-cac-vi-tuong-byzantine-va-ung-dung-trong-blockchain-jvEla4vmZkw
M·ªôt s·ªë c√°ch l∆∞u secrets key trong android,https://viblo.asia/p/mot-so-cach-luu-secrets-key-trong-android-naQZRwVXlvx
Do you know everything in Java? Why we should not have plan to migrate to Kotlin now?,https://viblo.asia/p/do-you-know-everything-in-java-why-we-should-not-have-plan-to-migrate-to-kotlin-now-vyDZOWLOZwj
"[DeepLearning from scratch] X·ª≠ l√Ω, x√¢y d·ª±ng deep learning model v·ªõi t·∫≠p d·ªØ li·ªáu.",https://viblo.asia/p/deeplearning-from-scratch-xu-ly-xay-dung-deep-learning-model-voi-tap-du-lieu-aWj538PPK6m
Javascript - H·ªèi ƒë√°p v·ªÅ javascript [Ph·∫ßn 1],https://viblo.asia/p/javascript-hoi-dap-ve-javascript-phan-1-LzD5dDyw5jY
C√°c ki·ªÉu t·ªï ch·ª©c c√°c service c·ªßa m·ªôt ·ª©ng d·ª•ng Serverless,https://viblo.asia/p/cac-kieu-to-chuc-cac-service-cua-mot-ung-dung-serverless-gDVK28g2lLj
Angular 4 with Rails,https://viblo.asia/p/angular-4-with-rails-3P0lPyV85ox
Welcome to HTTP/2,https://viblo.asia/p/welcome-to-http2-djeZ1x4mKWz
"Gi·∫£i quy·∫øt v·∫•n ƒë·ªÅ khi caching resource, CDN caching",https://viblo.asia/p/giai-quyet-van-de-khi-caching-resource-cdn-caching-m68Z0OVQKkG
Safe Area Layout Guide iOS 11 (Part 2),https://viblo.asia/p/safe-area-layout-guide-ios-11-part-2-bJzKmkGBl9N
B·∫£o m·∫≠t v·ªõi spring,https://viblo.asia/p/bao-mat-voi-spring-3Q75wWgJ5Wb
Postman - C√¥ng c·ª• tuy·ªát v·ªùi ƒë·ªÉ l√†m vi·ªác v·ªõi API v√† t·∫°o API Documents,https://viblo.asia/p/postman-cong-cu-tuyet-voi-de-lam-viec-voi-api-va-tao-api-documents-OeVKBoxMZkW
T·∫≠p √°p d·ª•ng TDD cho d·ª± √°n s·ª≠ d·ª•ng VueJS,https://viblo.asia/p/tap-ap-dung-tdd-cho-du-an-su-dung-vuejs-07LKXO2p5V4
Thay ƒë·ªïi c√°ch vi·∫øt Ti·∫øng Vi·ªát - l√† d√¢n c√¥ng ngh·ªá th√¨ kh√¥ng ph·∫£i s·ª£,https://viblo.asia/p/thay-doi-cach-viet-tieng-viet-la-dan-cong-nghe-thi-khong-phai-so-ORNZqPaNK0n
How to test your react redux application,https://viblo.asia/p/how-to-test-your-react-redux-application-924lJrDNlPM
PM series - Project Manager: B·∫°n l√† ng∆∞·ªùi th·∫ø n√†o?,https://viblo.asia/p/pm-series-project-manager-ban-la-nguoi-the-nao-bJzKmkkXl9N
Kho·∫£ng c√°ch Levenshtein v√† fuzzy query trong Elasticsearch,https://viblo.asia/p/khoang-cach-levenshtein-va-fuzzy-query-trong-elasticsearch-jvElaOXAKkw
Gi·∫£i b√†i to√°n thay ƒë·ªïi Web UI theo th·ªùi gian th·ª±c v·ªõi firebase [OutDated],https://viblo.asia/p/giai-bai-toan-thay-doi-web-ui-theo-thoi-gian-thuc-voi-firebase-outdated-Qbq5QgqzZD8
SSH ho·∫°t ƒë·ªông nh∆∞ th·∫ø n√†o?,https://viblo.asia/p/ssh-hoat-dong-nhu-the-nao-Eb85oJEjl2G
Hierarchical Dependency Injectors trong Angular 4,https://viblo.asia/p/hierarchical-dependency-injectors-trong-angular-4-bWrZnvbnZxw
Security v·ªõi single-page web app.,https://viblo.asia/p/security-voi-single-page-web-app-vyDZOXyalwj
"Bitcoin: The Hype, The Myth, and The Truth - Part 1",https://viblo.asia/p/bitcoin-the-hype-the-myth-and-the-truth-part-1-OeVKBo7JZkW
Query DSL trong Elasticsearch,https://viblo.asia/p/query-dsl-trong-elasticsearch-Eb85oJq2l2G
Vanishing & Exploding Gradients Problems in Deep Neural Networks (Part 2),https://viblo.asia/p/vanishing-exploding-gradients-problems-in-deep-neural-networks-part-2-ORNZqPEeK0n
"·ª®ng d·ª•ng ""t√¨m quanh ƒë√¢y"" v·ªõi MongoDB - Geospatial Queries, Google Map API",https://viblo.asia/p/ung-dung-tim-quanh-day-voi-mongodb-geospatial-queries-google-map-api-63vKjn4yK2R
"""this"" trong JavaScript",https://viblo.asia/p/this-trong-javascript-gAm5ywe8Zdb
AWS Overview - M·ªôt s·ªë thu·∫≠t ng·ªØ,https://viblo.asia/p/aws-overview-mot-so-thuat-ngu-E375zyG6lGW
X√¢y d·ª±ng h·ªá th·ªëng Ruby on Rails tr√™n m√¥i tr∆∞·ªùng Docker,https://viblo.asia/p/xay-dung-he-thong-ruby-on-rails-tren-moi-truong-docker-RnB5pe9wKPG
·ª®ng d·ª•ng Machine Learning ƒë·ªÉ ph√¢n lo·∫°i spam SMS,https://viblo.asia/p/ung-dung-machine-learning-de-phan-loai-spam-sms-07LKXwg85V4
"H∆∞·ªõng d·∫´n Deploy ·ª©ng d·ª•ng Ruby on Rails l√™n Server AWS EC2 S·ª≠ d·ª•ng Gem Capistrano, Puma v√† Nginx",https://viblo.asia/p/huong-dan-deploy-ung-dung-ruby-on-rails-len-server-aws-ec2-su-dung-gem-capistrano-puma-va-nginx-Eb85oXDWK2G
gRPC v√† ·ª©ng d·ª•ng n√≥ trong microservices,https://viblo.asia/p/grpc-va-ung-dung-no-trong-microservices-ORNZqo8N50n
Ph√≠a sau m·ªôt c√¢u chuy·ªán thi·∫øu nhi v√† b√†i h·ªçc c·ªßa ng∆∞·ªùi l√†m s·∫£n ph·∫©m,https://viblo.asia/p/phia-sau-mot-cau-chuyen-thieu-nhi-va-bai-hoc-cua-nguoi-lam-san-pham-maGK7z2A5j2
[G√≥c chia s·∫ª] T·ªïng h·ª£p nh·ªØng ·ª©ng d·ª•ng Android ƒëi k√®m m√£ ngu·ªìn ƒë·ªÉ tham kh·∫£o n√¢ng cao k·ªπ nƒÉng code!,https://viblo.asia/p/goc-chia-se-tong-hop-nhung-ung-dung-android-di-kem-ma-nguon-de-tham-khao-nang-cao-ky-nang-code-Ljy5VrJk5ra
Qu·∫£n l√Ω log ·ª©ng d·ª•ng v·ªõi GrayLog 2,https://viblo.asia/p/quan-ly-log-ung-dung-voi-graylog-2-924lJOGY5PM
Middleware trong Redux l√† g√¨?,https://viblo.asia/p/middleware-trong-redux-la-gi-XL6lAwpBKek
[Data Analysis] Ph√¢n t√≠ch d·ªØ li·ªáu x·ªï s·ªë mi·ªÅn B·∫Øc,https://viblo.asia/p/data-analysis-phan-tich-du-lieu-xo-so-mien-bac-3P0lPvpbKox
12 th·ªß thu·∫≠t h·ªØu √≠ch trong JavaScript,https://viblo.asia/p/12-thu-thuat-huu-ich-trong-javascript-3P0lPvVbKox
ƒêo hi·ªáu nƒÉng gi·ªØa c√°c PHP Framework ph·ªï bi·∫øn (ph·∫ßn 1),https://viblo.asia/p/do-hieu-nang-giua-cac-php-framework-pho-bien-phan-1-aWj53XoeK6m
"[Nodejs] D√πng selenium, cheerio ƒë·ªÉ crawl d·ªØ li·ªáu",https://viblo.asia/p/nodejs-dung-selenium-cheerio-de-crawl-du-lieu-4dbZNDGq5YM
Laravel Service Container in Depth & Tips to Customize Your Application,https://viblo.asia/p/laravel-service-container-in-depth-tips-to-customize-your-application-RQqKLnqNl7z
Luy·ªán k·ªπ nƒÉng code Python v·ªõi Python Challenge,https://viblo.asia/p/luyen-ky-nang-code-python-voi-python-challenge-3P0lPvP8Kox
Data Analysis - T·∫°i sao nh√¢n vi√™n b·ªè vi·ªác,https://viblo.asia/p/data-analysis-tai-sao-nhan-vien-bo-viec-ByEZkW6gZQ0
[Elasticsearch] Ph√¢n t√≠ch v√† t√¨m ki·∫øm d·ªØ li·ªáu ti·∫øng Vi·ªát,https://viblo.asia/p/elasticsearch-phan-tich-va-tim-kiem-du-lieu-tieng-viet-3P0lPveoKox
"Arel, the SQL manager for Ruby (path 1)",https://viblo.asia/p/arel-the-sql-manager-for-ruby-path-1-L4x5xyQwKBM
Vi·∫øt scope b·∫±ng arel,https://viblo.asia/p/viet-scope-bang-arel-7prv31LkMKod
Ch·ªâ c·∫ßn t·ªën 10s th·∫≠m ch√≠ √≠t h∆°n ƒë·ªÉ l·∫•y API Key?,https://viblo.asia/p/chi-can-ton-10s-tham-chi-it-hon-de-lay-api-key-924lJOEm5PM
Review UX cho ·ª©ng d·ª•ng ƒë·ªçc s√°ch b·∫£n quy·ªÅn Waka c·ªßa VegaCorp,https://viblo.asia/p/review-ux-cho-ung-dung-doc-sach-ban-quyen-waka-cua-vegacorp-4dbZND1n5YM
7 c√°ch ƒë·ªÉ ph√≤ng tr√°nh fat activerecord model,https://viblo.asia/p/7-cach-de-phong-tranh-fat-activerecord-model-jvElaEOxlkw
Write Linux Init Script,https://viblo.asia/p/write-linux-init-script-bJzKmk9Bl9N
M·ªôt v√†i hi·ªÉu nh·∫ßm khi m·ªõi h·ªçc Machine Learning,https://viblo.asia/p/mot-vai-hieu-nham-khi-moi-hoc-machine-learning-4dbZNoDnlYM
Ansible Fundamentals - Ad-hoc Commands,https://viblo.asia/p/ansible-fundamentals-ad-hoc-commands-bJzKmk16l9N
React Lifecycle Methods,https://viblo.asia/p/react-lifecycle-methods-yMnKMyqzK7P
Express.js Best Security Paractices,https://viblo.asia/p/expressjs-best-security-paractices-maGK78R9Zj2
Android - Speech Recognition,https://viblo.asia/p/android-speech-recognition-1Je5E8bAlnL
L·∫≠p tr√¨nh h∆∞·ªõng ƒë·ªëi t∆∞·ª£ng c√πng JavaScript,https://viblo.asia/p/lap-trinh-huong-doi-tuong-cung-javascript-gAm5y9dV5db
Machine Learning - Th·ª≠ l√†m Nh√† Thi√™n VƒÉn D·ª± B√°o Th·ªùi Ti·∫øt,https://viblo.asia/p/machine-learning-thu-lam-nha-thien-van-du-bao-thoi-tiet-djeZ1xYmKWz
Acloud.guru: Why Amazon DynamoDB isn‚Äôt for everyone,https://viblo.asia/p/acloudguru-why-amazon-dynamodb-isnt-for-everyone-1VgZv9L2KAw
Build Face ID for Web with Keras,https://viblo.asia/p/build-face-id-for-web-with-keras-Do754WmVlM6
Connecting Redux with Angular 4+,https://viblo.asia/p/connecting-redux-with-angular-4-eW65GoXa5DO
PHP Unit Test 101: Gi·ªõi thi·ªáu v·ªÅ PHPUnit,https://viblo.asia/p/php-unit-test-101-gioi-thieu-ve-phpunit-63vKjJEyK2R
T·ª´ Javascript thu·∫ßn ƒë·∫øn RxJS (Ph·∫ßn 1),https://viblo.asia/p/tu-javascript-thuan-den-rxjs-phan-1-m68Z0OJzKkG
B·∫Øt ƒë·∫ßu h·ªçc Javascript v√†o nƒÉm 2018 th√¨ s·∫Ω nh∆∞ n√†o?,https://viblo.asia/p/bat-dau-hoc-javascript-vao-nam-2018-thi-se-nhu-nao-07LKXORe5V4
[Infrastructure] 127.0.0.1,https://viblo.asia/p/infrastructure-127001-bJzKmkd6l9N
X√¢y d·ª±ng ·ª©ng d·ª•ng ‚Äúƒë·ªông v·∫≠t ·∫©n danh‚Äù nh∆∞ Google ‚Äì T·∫°i sao kh√¥ng?,https://viblo.asia/p/xay-dung-ung-dung-dong-vat-an-danh-nhu-google-tai-sao-khong-3P0lPkJmZox
Functional Programming in JavaScript - Function Composition,https://viblo.asia/p/functional-programming-in-javascript-function-composition-3Q75wW795Wb
Android - Architecture Components ViewModel - x·ª≠ l√Ω configuration changes ch∆∞a bao gi·ªù ƒë∆°n gi·∫£n ƒë·∫øn th·∫ø.,https://viblo.asia/p/android-architecture-components-viewmodel-xu-ly-configuration-changes-chua-bao-gio-don-gian-den-the-ByEZk3A4ZQ0
S·ª≠ d·ª•ng Android Architecture Components √°p d·ª•ng v√†o  Firebase Realtime Database (Ph·∫ßn 1),https://viblo.asia/p/su-dung-android-architecture-components-ap-dung-vao-firebase-realtime-database-phan-1-63vKjnzRK2R
S·ª≠a l·ªói b·∫£o m·∫≠t File Access Vulnerability trong Ruby on Rails,https://viblo.asia/p/sua-loi-bao-mat-file-access-vulnerability-trong-ruby-on-rails-Qbq5QgmwZD8
Optimistic Locking trong Rails,https://viblo.asia/p/optimistic-locking-trong-rails-L4x5xgaYlBM
5 h√†m Ruby b·∫°n n√™n s·ª≠ d·ª•ng,https://viblo.asia/p/5-ham-ruby-ban-nen-su-dung-XL6lAP9pZek
Machine Learning th·∫≠t th√∫ v·ªã (6): Nh·∫≠n di·ªán gi·ªçng n√≥i,https://viblo.asia/p/machine-learning-that-thu-vi-6-nhan-dien-giong-noi-1Je5E8DylnL
"Machine Learning th·∫≠t th√∫ v·ªã (5): D·ªãch ng√¥n ng·ªØ, chatbot v√† m√¥ t·∫£ ·∫£nh v·ªõi RNN",https://viblo.asia/p/machine-learning-that-thu-vi-5-dich-ngon-ngu-chatbot-va-mo-ta-anh-voi-rnn-Eb85oJnml2G
Machine Learning th·∫≠t th√∫ v·ªã (4): T·ª± ƒë·ªông tag t√™n b·∫°n b√® v·ªõi HOG & CNN,https://viblo.asia/p/machine-learning-that-thu-vi-4-tu-dong-tag-ten-ban-be-voi-hog-cnn-ORNZqPDqK0n
Machine Learning th·∫≠t th√∫ v·ªã (3): T√¨m ki·∫øm ·∫£nh ch·ª©a chim v·ªõi CNN,https://viblo.asia/p/machine-learning-that-thu-vi-3-tim-kiem-anh-chua-chim-voi-cnn-vyDZOX1xlwj
Machine Learning th·∫≠t th√∫ v·ªã (1): D·ª± ƒëo√°n gi√° nh√† ƒë·∫•t,https://viblo.asia/p/machine-learning-that-thu-vi-1-du-doan-gia-nha-dat-gAm5y91w5db
"B√¨nh lu·∫≠n Facebook: B·∫°n l√† Pok√©mon n√†o? S·ª≠ d·ª•ng Nodejs, Heroku",https://viblo.asia/p/binh-luan-facebook-ban-la-pokemon-nao-su-dung-nodejs-heroku-L4x5xgPOlBM
L√†m Th·∫ø N√†o ƒê·ªÉ ƒê·∫øm ƒê∆∞·ª£c Line of Code c·ªßa 10 000 Pull Requests ?,https://viblo.asia/p/lam-the-nao-de-dem-duoc-line-of-code-cua-10-000-pull-requests-gGJ592BaKX2
GIT kh√¥ng c√≥ g√¨ ƒë√°ng s·ª£ !!,https://viblo.asia/p/git-khong-co-gi-dang-so-yMnKMgMQl7P
"√Åp d·ª•ng Machine learning, x√¢y d·ª±ng ·ª©ng d·ª•ng chatbot c·ªßa ri√™ng b·∫°n.",https://viblo.asia/p/ap-dung-machine-learning-xay-dung-ung-dung-chatbot-cua-rieng-ban-3P0lPk38Zox
Guide to Rails Caching,https://viblo.asia/p/guide-to-rails-caching-RnB5p7r7lPG
Functional Programming in JavaScript - Functions,https://viblo.asia/p/functional-programming-in-javascript-functions-Ljy5VxvbZra
L√¢Ã£p triÃÄnh vi√™n Front-end ban ƒë√¢ÃÄu n√™n boÃâ tuÃÅi nh∆∞ÃÉng giÃÄ,https://viblo.asia/p/lap-trinh-vien-front-end-ban-dau-nen-bo-tui-nhung-gi-XL6lAPGJZek
Python: C√°ch s·ª≠ d·ª•ng h√†m l·ªìng nhau,https://viblo.asia/p/python-cach-su-dung-ham-long-nhau-6J3Zg23RKmB
Machine Learning th·∫≠t th√∫ v·ªã (2): T·∫°o s√°ch vƒÉn h·ªçc v√† game Mario,https://viblo.asia/p/machine-learning-that-thu-vi-2-tao-sach-van-hoc-va-game-mario-WAyK81o9ZxX
T·ª± thi·∫øt l·∫≠p private blockchain d·ª±a tr√™n n·ªÅn t·∫£ng Ethereum,https://viblo.asia/p/tu-thiet-lap-private-blockchain-dua-tren-nen-tang-ethereum-RQqKLg0457z
Random() c√≥ th·ª±c s·ª± ng·∫´u nhi√™n ?,https://viblo.asia/p/random-co-thuc-su-ngau-nhien-L4x5xg81lBM
Kinh nghi·ªám khi l√†m vi·ªác v·ªõi Vim,https://viblo.asia/p/kinh-nghiem-khi-lam-viec-voi-vim-WAyK81eWZxX
T·ª´ h√†ng t·ªâ ph√©p so s√°nh ƒë·∫øn 10 gi√¢y,https://viblo.asia/p/tu-hang-ti-phep-so-sanh-den-10-giay-naQZR7ajlvx
JavaScript - The Core - Object & Prototype,https://viblo.asia/p/javascript-the-core-object-prototype-YWOZrMqNKQ0
Breaking a Captcha by Machine Learning,https://viblo.asia/p/breaking-a-captcha-by-machine-learning-bWrZneDbKxw
Nh·∫≠t k√Ω h·ªçc CI/ CD b·∫Øt ƒë·∫ßu t·ª´ Drone.io,https://viblo.asia/p/nhat-ky-hoc-ci-cd-bat-dau-tu-droneio-gDVK2wxvZLj
"Elixir v√† Unicode, Ph·∫ßn 1: Unicode v√† UTF-8 l√† g√¨ ?",https://viblo.asia/p/elixir-va-unicode-phan-1-unicode-va-utf-8-la-gi-E375zbGd5GW
kintone Plaform Part 3 - H∆∞·ªõng d·∫´n ph√°t tri·ªÉn Plug-in,https://viblo.asia/p/kintone-plaform-part-3-huong-dan-phat-trien-plug-in-4P856XmLZY3
kintone Plaform Part 2 - S·ª≠ d·ª•ng Plugin ƒë·ªÉ m·ªü r·ªông ch·ª©c nƒÉng,https://viblo.asia/p/kintone-plaform-part-2-su-dung-plugin-de-mo-rong-chuc-nang-L4x5xymqKBM
kintone Plaform Part 1 - Gi·∫£i ph√°p qu·∫£n tr·ªã Database kh√¥ng c·∫ßn l·∫≠p tr√¨nh,https://viblo.asia/p/kintone-plaform-part-1-giai-phap-quan-tri-database-khong-can-lap-trinh-OeVKBYVr5kW
Java Design Patterns (P1),https://viblo.asia/p/java-design-patterns-p1-GrLZDVPE5k0
M√¨nh ƒë√£ l√†m b·ªÉ c√° th√¥ng minh nh∆∞ th·∫ø n√†o (ph·∫ßn 1),https://viblo.asia/p/minh-da-lam-be-ca-thong-minh-nhu-the-nao-phan-1-jvEla6nx5kw
Nh·ªØng th·ªß thu·∫≠t Python b·∫°n nh·∫•t ƒë·ªãnh ph·∫£i bi·∫øt tr√™n con ƒë∆∞·ªùng go pro,https://viblo.asia/p/nhung-thu-thuat-python-ban-nhat-dinh-phai-biet-tren-con-duong-go-pro-gGJ59XDGlX2
T√¨m hi·ªÉu v·ªÅ HTML5 Application Cache,https://viblo.asia/p/tim-hieu-ve-html5-application-cache-Az45bNvz5xY
Android O ‚Äì Nh·ªØng C√°i M·ªõi M√† L·∫≠p Tr√¨nh Vi√™n C·∫ßn Bi·∫øt,https://viblo.asia/p/android-o-nhung-cai-moi-ma-lap-trinh-vien-can-biet-gDVK2aAn5Lj
UX Review - T·∫£n m·∫°n v·ªÅ c√°i menu c·ªßa Skype,https://viblo.asia/p/ux-review-tan-man-ve-cai-menu-cua-skype-vyDZOoJkZwj
AWS IoT - Internet of Thing - X√¢y h·ªá th·ªëng ch·ªâ v·ªõi 1$ ?,https://viblo.asia/p/aws-iot-internet-of-thing-xay-he-thong-chi-voi-1-oOVlYyDvl8W
Write clean code. Why not???,https://viblo.asia/p/write-clean-code-why-not-RnB5p1PwKPG
Case Study: Solving Kaggle's Titanic machine learning competition,https://viblo.asia/p/case-study-solving-kaggles-titanic-machine-learning-competition-maGK7LG9Zj2
Redux cho ng∆∞·ªùi m·ªõi b·∫Øt ƒë·∫ßu - Part 2 First Project,https://viblo.asia/p/redux-cho-nguoi-moi-bat-dau-part-2-first-project-aRBvXWQZkWE
M·ªôt √≠t v·ªÅ shell script,https://viblo.asia/p/mot-it-ve-shell-script-bJzKmLPE59N
K·∫øt h·ª£p Primary keys cho ActiveRecords,https://viblo.asia/p/ket-hop-primary-keys-cho-activerecords-1Je5EMaA5nL
L√†m th·∫ø n√†o ƒë·ªÉ ƒë·ªïi m·∫≠t kh·∫©u 5000 Gmail?,https://viblo.asia/p/lam-the-nao-de-doi-mat-khau-5000-gmail-gGJ59a9G5X2
Single Page Application Concept V·ªõi Simple Demo (no framework),https://viblo.asia/p/single-page-application-concept-voi-simple-demo-no-framework-Qbq5QJ3wKD8
Improving Webpack build performance and verbosity,https://viblo.asia/p/improving-webpack-build-performance-and-verbosity-bWrZneE9Kxw
S·ªë ch·ªØ s·ªë 0 li√™n ti·∫øp cu·ªëi c√πng c·ªßa n!,https://viblo.asia/p/so-chu-so-0-lien-tiep-cuoi-cung-cua-n-4P856XOGZY3
Zero downtime deployment for Rails with Capistrano and Unicorn,https://viblo.asia/p/zero-downtime-deployment-for-rails-with-capistrano-and-unicorn-Az45bA6QlxY
T·∫°i sao c√°c c√¥ng ty Product kh√¥ng th√≠ch nh√¢n s·ª± Outsourcing?,https://viblo.asia/p/tai-sao-cac-cong-ty-product-khong-thich-nhan-su-outsourcing-1VgZvxwp5Aw
When & How to split your Laravel controllers,https://viblo.asia/p/when-how-to-split-your-laravel-controllers-WAyK8RLWlxX
Quy ho·∫°ch ƒë·ªông - m·ªôt thu·∫≠t to√°n th·∫ßn th√°nh,https://viblo.asia/p/quy-hoach-dong-mot-thuat-toan-than-thanh-E375zy01lGW
"Ti·∫øp c·∫≠n c√¥ng ngh·ªá, ng√¥n ng·ªØ m·ªõi cho C·ªët ƒê·ªù",https://viblo.asia/p/tiep-can-cong-nghe-ngon-ngu-moi-cho-cot-do-3P0lPvz4Kox
T·∫°o Menu Hamburger Morphing v·ªõi CSS m√† kh√¥ng c·∫ßn s·ª≠ d·ª•ng JavaScript,https://viblo.asia/p/tao-menu-hamburger-morphing-voi-css-ma-khong-can-su-dung-javascript-4P856XX3ZY3
Thu·∫≠t to√°n di truy·ªÅn - ·ª®ng d·ª•ng gi·∫£i m·ªôt s·ªë b√†i to√°n kinh ƒëi·ªÉn (ph·∫ßn 2),https://viblo.asia/p/thuat-toan-di-truyen-ung-dung-giai-mot-so-bai-toan-kinh-dien-phan-2-07LKXwYp5V4
"Elixir v√† Unicode, Ph·∫ßn 2: L√†m vi·ªác v·ªõi Unicode Strings",https://viblo.asia/p/elixir-va-unicode-phan-2-lam-viec-voi-unicode-strings-Do754xV05M6
Thu·∫≠t to√°n ƒë√°nh gi√° _score trong Elasticsearch,https://viblo.asia/p/thuat-toan-danh-gia-score-trong-elasticsearch-OeVKBY7y5kW
D√πng Python 3 t√≠nh x√°c su·∫•t tho√°t FA,https://viblo.asia/p/dung-python-3-tinh-xac-suat-thoat-fa-aWj53VRbl6m
Th·ª≠ vi·∫øt shell script theo d·∫°ng h∆∞·ªõng ƒë·ªëi t∆∞·ª£ng,https://viblo.asia/p/thu-viet-shell-script-theo-dang-huong-doi-tuong-eW65GdO6KDO
·ª®ng d·ª•ng Deep Learning m√¥ ph·ªèng thao t√°c ch∆°i c·ªßa Flappy Birds,https://viblo.asia/p/ung-dung-deep-learning-mo-phong-thao-tac-choi-cua-flappy-birds-ByEZkWEEZQ0
Value Objects trong Ruby on Rails,https://viblo.asia/p/value-objects-trong-ruby-on-rails-YWOZrM1pKQ0
Nh·ªØng nguy√™n t·∫Øc c∆° b·∫£n ƒë·ªÉ code c·ªßa b·∫°n t·ªët h∆°n,https://viblo.asia/p/nhung-nguyen-tac-co-ban-de-code-cua-ban-tot-hon-1VgZvByrZAw
Hai h∆∞·ªõng ti·∫øp c·∫≠n ƒë·ªÉ h·ªçc l·∫≠p tr√¨nh: Top-Down v√† Bottom-Up,https://viblo.asia/p/hai-huong-tiep-can-de-hoc-lap-trinh-top-down-va-bottom-up-gDVK2wx2ZLj
X√¢y d·ª±ng h·ªá th·ªëng t·ª± ƒë·ªông ch·∫•m b√†i thi tr·∫Øc nghi·ªám v·ªõi OpenCV - Ph·∫ßn 1,https://viblo.asia/p/xay-dung-he-thong-tu-dong-cham-bai-thi-trac-nghiem-voi-opencv-phan-1-07LKXY84ZV4
JWT and using JWT in Rails,https://viblo.asia/p/jwt-and-using-jwt-in-rails-yMnKMq3QK7P
Javascript - Single-thread li·ªáu ƒë√£ l·ªói th·ªùi?,https://viblo.asia/p/javascript-single-thread-lieu-da-loi-thoi-gAm5yxwkldb
10 th·ªß thu·∫≠t Ruby m√† b·∫°n ch∆∞a t·ª´ng th·∫•y,https://viblo.asia/p/10-thu-thuat-ruby-ma-ban-chua-tung-thay-NPVMaDe6RQOk
Th·ª≠ Nghi·ªám V·ªõi Angular ‚Äì Dependency Injection Trong Angular,https://viblo.asia/p/thu-nghiem-voi-angular-dependency-injection-trong-angular-naQZRe7AKvx
M·ªôt s·ªë ƒëi·ªÅu th√∫ v·ªã c·ªßa PHP c√≥ th·ªÉ b·∫°n √≠t d√πng,https://viblo.asia/p/mot-so-dieu-thu-vi-cua-php-co-the-ban-it-dung-bWrZnBMbZxw
Ki·ªÉm th·ª≠ c·ªïng thanh to√°n - H∆∞·ªõng d·∫´n v·ªõi checklist,https://viblo.asia/p/kiem-thu-cong-thanh-toan-huong-dan-voi-checklist-63vKjpPNl2R
Mutation testing,https://viblo.asia/p/mutation-testing-naQZRgoGlvx
10 nguy√™n nh√¢n khi·∫øn bug b·ªã t·ª´ ch·ªëi v√† c√°c gi·∫£i ph√°p d√†nh cho Tester!,https://viblo.asia/p/10-nguyen-nhan-khien-bug-bi-tu-choi-va-cac-giai-phap-danh-cho-tester-4dbZN0Oy5YM
H√£y t·∫≠p trung nhi·ªÅu v√†o H·ªó Tr·ª£ Ch·∫•t L∆∞·ª£ng (Quality Assistance) ch·ª© kh√¥ng ch·ªâ ƒê·∫£m B·∫£o Ch·∫•t L∆∞·ª£ng (Quality Assurance),https://viblo.asia/p/hay-tap-trung-nhieu-vao-ho-tro-chat-luong-quality-assistance-chu-khong-chi-dam-bao-chat-luong-quality-assurance-ORNZq3Mn50n
S·ª≠ d·ª•ng Appium trong ki·ªÉm th·ª≠ t·ª± ƒë·ªông ·ª©ng d·ª•ng tr√™n Android (P1),https://viblo.asia/p/su-dung-appium-trong-kiem-thu-tu-dong-ung-dung-tren-android-p1-L4x5xQWwKBM
7 B∆∞·ªõc ƒë·ªÉ t·∫°o th√†nh c√¥ng m·ªôt Test Strategy,https://viblo.asia/p/7-buoc-de-tao-thanh-cong-mot-test-strategy-OeVKBwQyZkW
LITHO FACEBOOK,https://viblo.asia/p/litho-facebook-1VgZvBzRZAw
M·ªôt s·ªë m·∫πo nh·ªè trong thi·∫øt k·∫ø database l·ªõn,https://viblo.asia/p/mot-so-meo-nho-trong-thiet-ke-database-lon-Qbq5QrnzKD8
Nh·ªØng l·ªói b·∫£o m·∫≠t ph·ªï bi·∫øn trong Rails,https://viblo.asia/p/nhung-loi-bao-mat-pho-bien-trong-rails-gDVK2abw5Lj
Gi·ªõi thi·ªáu c√°c Storage Engine trong MySQL,https://viblo.asia/p/gioi-thieu-cac-storage-engine-trong-mysql-Eb85oEb8Z2G
[T·∫£n m·∫°n] ·∫¢o h√≥a - Ai c≈©ng bi·∫øt nh∆∞ng c·ª• th·ªÉ n√≥ l√† g√¨ ?,https://viblo.asia/p/tan-man-ao-hoa-ai-cung-biet-nhung-cu-the-no-la-gi-Do754NV3ZM6
Machine Learning - T·ªïng quan v·ªÅ Machine Learning,https://viblo.asia/p/machine-learning-tong-quan-ve-machine-learning-RQqKLxaOK7z
Khoa h·ªçc m√°y t√≠nh trong Ruby: S·ª≠ d·ª•ng stacks ƒë·ªÉ gi·∫£i quy·∫øt v·∫•n ƒë·ªÅ,https://viblo.asia/p/khoa-hoc-may-tinh-trong-ruby-su-dung-stacks-de-giai-quyet-van-de-E375zb315GW
AI Conversation (2),https://viblo.asia/p/ai-conversation-2-1VgZvBBMZAw
"Ngh·ªá thu·∫≠t vi·∫øt code ƒë·∫πp - Ph·∫ßn III: ƒê∆°n gi·∫£n, d·ªÖ ƒë·ªçc ho√° bi·ªÉu th·ª©c",https://viblo.asia/p/nghe-thuat-viet-code-dep-phan-iii-don-gian-de-doc-hoa-bieu-thuc-RnB5p1vbKPG
T√¥i ƒë√£ vi·∫øt Gem ƒë·∫ßu ti√™n c·ªßa m√¨nh nh∆∞ th·∫ø n√†o?,https://viblo.asia/p/toi-da-viet-gem-dau-tien-cua-minh-nhu-the-nao-Az45bNeQ5xY
T·∫°i sao ch√∫ng ta n√™n chuy·ªÉn sang Kotlin,https://viblo.asia/p/tai-sao-chung-ta-nen-chuyen-sang-kotlin-GrLZDVkE5k0
Race for performance. User's psychology.,https://viblo.asia/p/race-for-performance-users-psychology-Eb85oEj2Z2G
Configuring Webpack for React Development,https://viblo.asia/p/configuring-webpack-for-react-development-6J3ZgDwBlmB
Optimizing MySQL Queries With Indexes,https://viblo.asia/p/optimizing-mysql-queries-with-indexes-gGJ59XxDlX2
How PHP Executes,https://viblo.asia/p/how-php-executes-Qpmlendm5rd
Refactoring - M·ªü ƒë·∫ßu,https://viblo.asia/p/refactoring-mo-dau-eW65GdP9KDO
Into to Machine Learning: Practical supervised learning algorithms with Scikit-learn,https://viblo.asia/p/into-to-machine-learning-practical-supervised-learning-algorithms-with-scikit-learn-RQqKLxNzK7z
L√†m quen v·ªõi Redux trong rails app.,https://viblo.asia/p/lam-quen-voi-redux-trong-rails-app-Qbq5QqAw5D8
Nh·ªØng t√≠nh nƒÉng tuy·ªát v·ªùi l√†m t√¥i ch·ªçn Kotlin thay v√¨ Java,https://viblo.asia/p/nhung-tinh-nang-tuyet-voi-lam-toi-chon-kotlin-thay-vi-java-3Q75wgqe5Wb
√Åp d·ª•ng Agile v√†o quy tr√¨nh thi·∫øt k·∫ø UX ‚Äì kinh nghi·ªám t·ª´ Google,https://viblo.asia/p/ap-dung-agile-vao-quy-trinh-thiet-ke-ux-kinh-nghiem-tu-google-ORNZqw9q50n
"[PHP] X√¢y d·ª±ng m·ªôt ""Mini Query Builder"" t·ª´ PHP-PDO",https://viblo.asia/p/php-xay-dung-mot-mini-query-builder-tu-php-pdo-07LKXYAJZV4
C√πng t√¨m hi·ªÉu v·ªÅ Kotlin (Ph·∫ßn 2),https://viblo.asia/p/cung-tim-hieu-ve-kotlin-phan-2-924lJMDXZPM
Javascript Module Loader - From the basic,https://viblo.asia/p/javascript-module-loader-from-the-basic-vyDZOoX9Zwj
Ph·∫ßn 1: Nh·ªØng kh√°i ni·ªám c∆° b·∫£n trong Elasticsearch,https://viblo.asia/p/phan-1-nhung-khai-niem-co-ban-trong-elasticsearch-V3m5WzzglO7
Code War 2017 - Final Round Write-ups,https://viblo.asia/p/code-war-2017-final-round-write-ups-djeZ1aQQZWz
L√†m th·∫ø n√†o ƒë·ªÉ x√¢y d·ª±ng m·ªôt Recommender System (RS) - Ph·∫ßn 2,https://viblo.asia/p/lam-the-nao-de-xay-dung-mot-recommender-system-rs-phan-2-4dbZNxom5YM
Python context manager - b·∫°n ƒë√£ th·ª±c s·ª± hi·ªÉu?,https://viblo.asia/p/python-context-manager-ban-da-thuc-su-hieu-63vKjJmRK2R
[Become a SuperUser] Debian vs Redhat: Package Management System,https://viblo.asia/p/become-a-superuser-debian-vs-redhat-package-management-system-gGJ59Xg1lX2
L√†m th·∫ø n√†o ƒë·ªÉ x√¢y d·ª±ng m·ªôt Recommender System (RS) - Ph·∫ßn 1,https://viblo.asia/p/lam-the-nao-de-xay-dung-mot-recommender-system-rs-phan-1-aWj53V2Gl6m
Unit Test cho ng∆∞·ªùi m·ªõi b·∫Øt ƒë·∫ßu - D·ªÖ d√†ng h∆°n khi d√πng Mockito,https://viblo.asia/p/unit-test-cho-nguoi-moi-bat-dau-de-dang-hon-khi-dung-mockito-GrLZDVRw5k0
Unit test cho Nodejs RESTful API v·ªõi Mocha v√† Chai,https://viblo.asia/p/unit-test-cho-nodejs-restful-api-voi-mocha-va-chai-bWrZnLAv5xw
T·∫£n m·∫°n v·ªÅ Testing,https://viblo.asia/p/tan-man-ve-testing-1Je5EMn05nL
C√°c pattern c·ªßa b·ªô t·ª© (Gang of Four) trong Kotlin,https://viblo.asia/p/cac-pattern-cua-bo-tu-gang-of-four-trong-kotlin-djeZ1aEJZWz
UX Review - Viblo.asia c√≥ perfect?,https://viblo.asia/p/ux-review-vibloasia-co-perfect-924lJMRmZPM
Continuous Integration with Jenkins - B√†i 3: Jenkins integration with GIT,https://viblo.asia/p/continuous-integration-with-jenkins-bai-3-jenkins-integration-with-git-924lJMJYZPM
Security checklist cho web developer,https://viblo.asia/p/security-checklist-cho-web-developer-ORNZqweM50n
∆Ø·ªõc t√≠nh chi ph√≠ v√† ƒë·ªô l·ªõn c·ªßa d·ª± √°n theo c√°ch c·ªßa scrum,https://viblo.asia/p/uoc-tinh-chi-phi-va-do-lon-cua-du-an-theo-cach-cua-scrum-oOVlYybal8W
T·ªëi ∆∞u t·ªëc ƒë·ªô t·∫£i trang v·ªõi Progressive rendering,https://viblo.asia/p/toi-uu-toc-do-tai-trang-voi-progressive-rendering-XL6lAg0BKek
https v√† SSL,https://viblo.asia/p/https-va-ssl-OeVKBg4AZkW
UX Review: ƒê·ª´ng t∆∞·ªüng to nh∆∞ Facebook m√† ko m·∫Øc l·ªói UX c∆° b·∫£n,https://viblo.asia/p/ux-review-dung-tuong-to-nhu-facebook-ma-ko-mac-loi-ux-co-ban-07LKXY9EZV4
L·∫≠p k·∫ø ho·∫°ch Test,https://viblo.asia/p/lap-ke-hoach-test-NbmvbaWgkYO
K·∫øt h·ª£p CLI trong qu·∫£n l√Ω c√¥ng vi·ªác,https://viblo.asia/p/ket-hop-cli-trong-quan-ly-cong-viec-JlkRymWxRZW
Model-View-ViewModel Achitecture in Android without Data Binding library,https://viblo.asia/p/model-view-viewmodel-achitecture-in-android-without-data-binding-library-3Q75wgmM5Wb
Kotlin Coroutines: async/await trong Android,https://viblo.asia/p/kotlin-coroutines-asyncawait-trong-android-1Je5EMP05nL
[SLIDE] Introduce To Some Common Cyber-Attack Vectors,https://viblo.asia/p/slide-introduce-to-some-common-cyber-attack-vectors-aWj53VG1l6m
Refactor rails,https://viblo.asia/p/refactor-rails-ByEZkLO4lQ0
M·ªôt S·ªë Method V√† Phong C√°ch Code Hay Trong Rails,https://viblo.asia/p/mot-so-method-va-phong-cach-code-hay-trong-rails-GrLZDV7V5k0
T·∫°i sao t√¥i l·∫°i chuy·ªÉn t·ª´ Webpack sang Brunch?,https://viblo.asia/p/tai-sao-toi-lai-chuyen-tu-webpack-sang-brunch-oOVlYykQl8W
M·ªôt v√†i l·ªói comment n√™n l∆∞u √Ω trong Rails,https://viblo.asia/p/mot-vai-loi-comment-nen-luu-y-trong-rails-naQZReXXKvx
How to show/hide Toolbar when scrolling RecyclerView,https://viblo.asia/p/how-to-showhide-toolbar-when-scrolling-recyclerview-m68Z0mvNlkG
Gi·ªõi thi·ªáu v·ªÅ CSS3 Flexbox,https://viblo.asia/p/gioi-thieu-ve-css3-flexbox-3P0lPM785ox
Session v√† cookies,https://viblo.asia/p/session-va-cookies-3P0lPM7g5ox
Redux cho ng∆∞·ªùi m·ªõi b·∫Øt ƒë·∫ßu - Part 1 Introduction,https://viblo.asia/p/redux-cho-nguoi-moi-bat-dau-part-1-introduction-ZjleaBBZkqJ
Machine Learning th·∫≠t th√∫ v·ªã,https://viblo.asia/p/machine-learning-that-thu-vi-ByEZk7QqZQ0
T√¨m hi·ªÉu s√¢u h∆°n v·ªÅ scope Javascript,https://viblo.asia/p/tim-hieu-sau-hon-ve-scope-javascript-Qbq5QrRwKD8
React Performance Tuning,https://viblo.asia/p/react-performance-tuning-jvElaLYxZkw
The only proper PDO tutorial,https://viblo.asia/p/the-only-proper-pdo-tutorial-Do754EvLKM6
Tuy·ªÉn t·∫≠p c√°c tip v√† trick khi s·ª≠ d·ª•ng javascript,https://viblo.asia/p/tuyen-tap-cac-tip-va-trick-khi-su-dung-javascript-RQqKLMp0Z7z
Bundled PHP classes you might have not known about,https://viblo.asia/p/bundled-php-classes-you-might-have-not-known-about-gAm5yvPEKdb
Reactive programing with Java [Part 2],https://viblo.asia/p/reactive-programing-with-java-part-2-oOVlYERrl8W
ƒê·ªô ph·ª©c t·∫°p thu·∫≠t to√°n: ·∫¢nh h∆∞·ªüng c·ªßa O l·ªõn t·ªõi performance,https://viblo.asia/p/do-phuc-tap-thuat-toan-anh-huong-cua-o-lon-toi-performance-Ljy5VdjMZra
Series Single-page Application v·ªõi Rails v√† AngularJS(1.x) - Ph·∫ßn 1,https://viblo.asia/p/series-single-page-application-voi-rails-va-angularjs1x-phan-1-Eb85o2eWl2G
T·∫°i sao c·∫ßn m√£ h√≥a m·∫≠t kh·∫©u ? V√† c√°c ki·ªÉu m√£ h√≥a c∆° b·∫£n,https://viblo.asia/p/tai-sao-can-ma-hoa-mat-khau-va-cac-kieu-ma-hoa-co-ban-yMnKML0Q57P
H∆∞·ªõng d·∫´n thi·∫øt k·∫ø h·ªá th·ªëng (Ph·∫ßn 1),https://viblo.asia/p/huong-dan-thiet-ke-he-thong-phan-1-gGJ59YAJ5X2
LLDB Debugger,https://viblo.asia/p/lldb-debugger-3Q75wDQDKWb
Part 3 - Gerrit Code Review with Jenkins CI : T√≠ch h·ª£p CI / CD,https://viblo.asia/p/part-3-gerrit-code-review-with-jenkins-ci-tich-hop-ci-cd-eW65GYWOZDO
C√°c Request ƒë∆∞·ª£c x·ª≠ l√Ω nh∆∞ th·∫ø n√†o trong Laravel Framework?,https://viblo.asia/p/cac-request-duoc-xu-ly-nhu-the-nao-trong-laravel-framework-4dbZN0NQ5YM
Understanding Data-Binding's generated code and How does Android Data-Binding compiler work,https://viblo.asia/p/understanding-data-bindings-generated-code-and-how-does-android-data-binding-compiler-work-Ljy5Vd1yZra
[Reactive Functional Programing] X√¢y d·ª±ng ·ª©ng d·ª•ng Suggestion Follower v·ªõi Rxjs,https://viblo.asia/p/reactive-functional-programing-xay-dung-ung-dung-suggestion-follower-voi-rxjs-OeVKBwNEZkW
"Kanban, Scrum v√† Agile: Nh·ªØng ƒëi·ªÉm kh√°c bi·ªát c∆° b·∫£n",https://viblo.asia/p/kanban-scrum-va-agile-nhung-diem-khac-biet-co-ban-07LKXEbrZV4
"[Swift] C√πng T·ªë H·ªØu t√¨m hi·ªÉu ""B·∫°n hi·ªÉu Device c·ªßa b·∫°n t·ªõi ƒë√¢u""",https://viblo.asia/p/swift-cung-to-huu-tim-hieu-ban-hieu-device-cua-ban-toi-dau-6J3ZgkmMZmB
SOLID Principles in Ruby,https://viblo.asia/p/solid-principles-in-ruby-gDVK2WnwZLj
X·ª≠ l√Ω v·∫•n ƒë·ªÅ Timeout khi Push notify cho nhi·ªÅu devices,https://viblo.asia/p/xu-ly-van-de-timeout-khi-push-notify-cho-nhieu-devices-4P856xvWZY3
Space Position pattern - C√¥ng ngh·ªá ch·ªçn g·∫•u,https://viblo.asia/p/space-position-pattern-cong-nghe-chon-gau-vyDZOy7O5wj
ES6 - The Good Part (Ph·∫ßn 2),https://viblo.asia/p/es6-the-good-part-phan-2-RnB5pnMDZPG
ES6 - The Good Part (Ph·∫ßn 1),https://viblo.asia/p/es6-the-good-part-phan-1-L4x5xQ1mKBM
JSON Web Tokens (JWT) vs Sessions,https://viblo.asia/p/json-web-tokens-jwt-vs-sessions-4dbZN0Mg5YM
Measuring Developer Productivity,https://viblo.asia/p/measuring-developer-productivity-bWrZnB7YZxw
Angular JS Directive vs Component,https://viblo.asia/p/angular-js-directive-vs-component-JQVkVzgJkyd
Android performance pattern,https://viblo.asia/p/android-performance-pattern-jvElaLrdZkw
PHP Fractal - Vi·∫øt API's JSON ƒë·∫πp h∆°n,https://viblo.asia/p/php-fractal-viet-apis-json-dep-hon-eW65GYvJZDO
ƒê·ª´ng ƒë·ªÉ d·ªØ li·ªáu ngo√†i database,https://viblo.asia/p/dung-de-du-lieu-ngoai-database-GrLZD9OBlk0
HAProxy and keepalive,https://viblo.asia/p/haproxy-and-keepalive-1VgZv382lAw
·ª®ng d·ª•ng ReSwift trong d·ª± √°n iOS,https://viblo.asia/p/ung-dung-reswift-trong-du-an-ios-4P856xJ3ZY3
Laravel requests... DEADLY flexible,https://viblo.asia/p/laravel-requests-deadly-flexible-vyDZOy175wj
Implementing multilingual full-text search with fuzziness and highlighting,https://viblo.asia/p/implementing-multilingual-full-text-search-with-fuzziness-and-highlighting-3P0lPMnp5ox
"S·ª≠ d·ª•ng select, reject, detect, collect hay inject",https://viblo.asia/p/su-dung-select-reject-detect-collect-hay-inject-1VgZv342lAw
M·ªôt √≠t v·ªÅ React,https://viblo.asia/p/mot-it-ve-react-RQqKLMNmZ7z
C√°ch s·ª≠ d·ª•ng Android Keystore ƒë·ªÉ l∆∞u tr·ªØ m·∫≠t kh·∫©u v√† c√°c th√¥ng tin nh·∫°y c·∫£m trong m·ªôt ·ª©ng d·ª•ng Android,https://viblo.asia/p/cach-su-dung-android-keystore-de-luu-tru-mat-khau-va-cac-thong-tin-nhay-cam-trong-mot-ung-dung-android-1VgZv3a9lAw
C·∫£i thi·ªán hi·ªáu nƒÉng Rails app v·ªõi cache,https://viblo.asia/p/cai-thien-hieu-nang-rails-app-voi-cache-L4x5xQkqKBM
Simple CSS3 transition that will wow your users,https://viblo.asia/p/simple-css3-transition-that-will-wow-your-users-924lJXLNKPM
Angular - Resolving Route Data,https://viblo.asia/p/angular-resolving-route-data-1VgZv319lAw
H∆∞·ªõng d·∫´n c∆° b·∫£n s·ª≠ d·ª•ng NPM nh∆∞ m·ªôt Build tool (part 1),https://viblo.asia/p/huong-dan-co-ban-su-dung-npm-nhu-mot-build-tool-part-1-4dbZN0qk5YM
20 icons loading cho website (Part 1),https://viblo.asia/p/20-icons-loading-cho-website-part-1-bJzKm1wXK9N
S·ª≠ d·ª•ng Action Hook trong WordPress nh∆∞ th·∫ø n√†o,https://viblo.asia/p/su-dung-action-hook-trong-wordpress-nhu-the-nao-gDVK2W22ZLj
Predict independent values with text data using linear regression,https://viblo.asia/p/predict-independent-values-with-text-data-using-linear-regression-aWj5314eZ6m
M·ªôt s·ªë Chrome Extensions h·ªØu √≠ch d√†nh cho vi·ªác Test Web Apps,https://viblo.asia/p/mot-so-chrome-extensions-huu-ich-danh-cho-viec-test-web-apps-GrLZD9vElk0
Functional inheritance - JavaScript,https://viblo.asia/p/functional-inheritance-javascript-Az45bpQQZxY
Thi·∫øt k·∫ø RESTful API,https://viblo.asia/p/thiet-ke-restful-api-GrLZD98Vlk0
H·ªá m√£ h√≥a RSA v√† ch·ªØ k√Ω s·ªë,https://viblo.asia/p/he-ma-hoa-rsa-va-chu-ky-so-6J3ZgkgMZmB
T√¥i h·ªçc NodeJS th·∫ø n√†o?,https://viblo.asia/p/toi-hoc-nodejs-the-nao-ZalGrNXvGqX
Twitter ƒë√£ deploy widgets JavaScript c·ªßa h·ªç nh∆∞ th·∫ø n√†o,https://viblo.asia/p/twitter-da-deploy-widgets-javascript-cua-ho-nhu-the-nao-1Je5Epe0lnL
Naming - C√°ch ƒë·∫∑t t√™n,https://viblo.asia/p/naming-cach-dat-ten-oZVRglVxMmg5
M·ªôt s·ªë l·ªó h·ªïng ph·ªï bi·∫øn c·ªßa website v√† c√°ch ƒë·ªëi ph√≥,https://viblo.asia/p/mot-so-lo-hong-pho-bien-cua-website-va-cach-doi-pho-gVQvlwyJkZJ
Ng√¥n ng·ªØ c·ªßa Vim,https://viblo.asia/p/ngon-ngu-cua-vim-lA7GKnz4MKZQ
HTTP Caching,https://viblo.asia/p/http-caching-6BAMYknzvnjz
Introduction to Oauth2,https://viblo.asia/p/introduction-to-oauth2-3OEqGjDpR9bL
MySQL index optimize B-Tree,https://viblo.asia/p/mysql-index-optimize-b-tree-mDYGDPmXGpx
Hi·ªÉu v·ªÅ ƒë·ªìng b·ªô v√† kh√¥ng ƒë·ªìng b·ªô trong JavaScript,https://viblo.asia/p/hieu-ve-dong-bo-va-khong-dong-bo-trong-javascript-lxrRXNYpzeO
Vi·∫øt nh·ªØng truy v·∫•n hi·ªáu qu·∫£ trong Rails,https://viblo.asia/p/viet-nhung-truy-van-hieu-qua-trong-rails-XL6lAYmglek
Cross-Site Request Forgery (CSRF) s·∫Øp h·∫øt th·ªùi?!!,https://viblo.asia/p/cross-site-request-forgery-csrf-sap-het-thoi-oOVlYyEyl8W
Auto Deploy project Laravel l√™n Heroku,https://viblo.asia/p/auto-deploy-project-laravel-len-heroku-oOVlYyQal8W
How does the Vue Template work?,https://viblo.asia/p/how-does-the-vue-template-work-Qpmleqvklrd
Webpack series (ep2) - CSS Splitting - T√°ch css trong Webpack,https://viblo.asia/p/webpack-series-ep2-css-splitting-tach-css-trong-webpack-GrLZDVn25k0
Code War 2017 - Online Round Write-ups - Part 2,https://viblo.asia/p/code-war-2017-online-round-write-ups-part-2-gDVK2WYeZLj
Code War 2017 - Online Round Write-ups - Part 1,https://viblo.asia/p/code-war-2017-online-round-write-ups-part-1-aWj531Y1Z6m
Part 1. Predict Dota 2 match winner by the first 5 minutes of the game. Gradient Boosting.,https://viblo.asia/p/part-1-predict-dota-2-match-winner-by-the-first-5-minutes-of-the-game-gradient-boosting-GrLZD9NVlk0
Design patterns - Facade Pattern,https://viblo.asia/p/design-patterns-facade-pattern-jvElaLVAZkw
L√†m g·∫ßy Model v√† Controller,https://viblo.asia/p/lam-gay-model-va-controller-gGJ59Yda5X2
Slack v√† Trello - c·∫∑p ƒë√¥i ho√†n h·∫£o,https://viblo.asia/p/slack-va-trello-cap-doi-hoan-hao-OeVKBwerZkW
L·ªô tr√¨nh ƒë·ªÉ tr·ªü th√†nh l·∫≠p tr√¨nh vi√™n web trong nƒÉm 2017,https://viblo.asia/p/lo-trinh-de-tro-thanh-lap-trinh-vien-web-trong-nam-2017-aWj531aPZ6m
Magic method v√† Class aliases trong PHP,https://viblo.asia/p/magic-method-va-class-aliases-trong-php-WAyK8Ej6ZxX
Introducing Protocol-Oriented Programming in Swift 3 part I,https://viblo.asia/p/introducing-protocol-oriented-programming-in-swift-3-part-i-aWj531jQZ6m
V·∫•n ƒë·ªÅ c·ªßa Rails Callback,https://viblo.asia/p/van-de-cua-rails-callback-1VgZv3A7lAw
Nh·ªØng ƒëi·ªÉm kh√°c bi·ªát gi·ªØa SQL v√† NoSQL,https://viblo.asia/p/nhung-diem-khac-biet-giua-sql-va-nosql-gDVK2WPjZLj
Quay b·∫£n ƒë·ªì google map theo h∆∞·ªõng thi·∫øt b·ªã khi di chuy·ªÉn.,https://viblo.asia/p/quay-ban-do-google-map-theo-huong-thiet-bi-khi-di-chuyen-1VgZv321lAw
C√°ch s·ª≠ d·ª•ng Icon Fonts trong ·ª©ng d·ª•ng Android,https://viblo.asia/p/cach-su-dung-icon-fonts-trong-ung-dung-android-bWrZnBQpZxw
"PHPUnit - B·∫°n ƒë√£ hi·ªÉu ƒë√∫ng v·ªÅ Stub, Mock, Spy, Fake, Dummy ch∆∞a?",https://viblo.asia/p/phpunit-ban-da-hieu-dung-ve-stub-mock-spy-fake-dummy-chua-XL6lAYWDlek
Best Practices for Designing a Pragmatic RESTful API,https://viblo.asia/p/best-practices-for-designing-a-pragmatic-restful-api-1VgZv3mYlAw
So s√°nh c√°c m√¥ h√¨nh d·ª± ƒëo√°n trong b√†i to√°n nh·∫≠n d·∫°ng khu√¥n m·∫∑t v√† v√≠ d·ª• th·ª±c t·∫ø,https://viblo.asia/p/so-sanh-cac-mo-hinh-du-doan-trong-bai-toan-nhan-dang-khuon-mat-va-vi-du-thuc-te-aWeGmgmdKBD
T√¨m hi·ªÉu Laravel t·ª´ s·ªë 0 (P3),https://viblo.asia/p/tim-hieu-laravel-tu-so-0-p3-aqkznbdWznA
Java String (P1),https://viblo.asia/p/java-string-p1-MdZkAQrgkox
H∆∞·ªõng d·∫´n t√≠ch h·ª£p Spring Framework v√†o Wicket Framework,https://viblo.asia/p/huong-dan-tich-hop-spring-framework-vao-wicket-framework-gVQvlwpOkZJ
Machine Learning,https://viblo.asia/p/machine-learning-PDOkqLxPejx
Java 8 Optional: N√™n s·ª≠ d·ª•ng khi n√†o?,https://viblo.asia/p/java-8-optional-nen-su-dung-khi-nao-MVpvKyWQeKd
V·ªÅ m·ªôt l·ªói c·ªßa Java 8 Stream API,https://viblo.asia/p/ve-mot-loi-cua-java-8-stream-api-MJykjxaqGPB
Gi·ªõi thi·ªáu th∆∞ vi·ªán Lodash,https://viblo.asia/p/gioi-thieu-thu-vien-lodash-WrJvYKWxeVO
Set up Spring + Hibernate application,https://viblo.asia/p/set-up-spring-hibernate-application-mrDGMMrJGzL
T√¨m hi·ªÉu v·ªÅ UIPresentationController: t·∫°o custom present cho UIViewController,https://viblo.asia/p/tim-hieu-ve-uipresentationcontroller-tao-custom-present-cho-uiviewcontroller-JQVGVrRWGyd
X√¢y d·ª±ng ·ª©ng d·ª•ng tr√™n Apple Watch,https://viblo.asia/p/xay-dung-ung-dung-tren-apple-watch-PDOkqjwpvjx
Optimizing Performance trong ReactJS,https://viblo.asia/p/optimizing-performance-trong-reactjs-MJykjmgAePB
V√≠ d·ª• Clean Architecture trong Android,https://viblo.asia/p/vi-du-clean-architecture-trong-android-MgNeWDYKkYx
CSS Preprocessors Compared: Sass vs. Stylus,https://viblo.asia/p/css-preprocessors-compared-sass-vs-stylus-roaerJydeRM
How References work in Java and Android,https://viblo.asia/p/how-references-work-in-java-and-android-PwRGgmookEd
Tr√°nh l·∫°m d·ª•ng Singleton,https://viblo.asia/p/tranh-lam-dung-singleton-qzakzZlRkyO
Engineering the architecture behind uber's new rider app,https://viblo.asia/p/engineering-the-architecture-behind-ubers-new-rider-app-DKBedxKBedX
C√°c v·∫•n ƒë·ªÅ v·ªÅ Docker tr√™n Production,https://viblo.asia/p/cac-van-de-ve-docker-tren-production-DzVkpmMwvnW
C√†i ƒë·∫∑t HA Galera Cluster MariaDB s·ª≠ d·ª•ng MaxScale tr√™n CentOS 6,https://viblo.asia/p/cai-dat-ha-galera-cluster-mariadb-su-dung-maxscale-tren-centos-6-ZDEvLRaEeJb
Nh·ªØng nguy√™n t·∫Øc ƒë·∫£m b·∫£o t√≠nh d·ªÖ ƒë·ªçc c·ªßa method (Cyclomatic Complexity) - d√†nh cho ng∆∞·ªùi m·ªõi l·∫≠p tr√¨nh,https://viblo.asia/p/nhung-nguyen-tac-dam-bao-tinh-de-doc-cua-method-cyclomatic-complexity-danh-cho-nguoi-moi-lap-trinh-1l0rvm0VGyqA
8 thu·ªôc t√≠nh √≠t ƒë∆∞·ª£c bi·∫øt ƒë·∫øn trong CSS,https://viblo.asia/p/8-thuoc-tinh-it-duoc-biet-den-trong-css-ZalGrNqdGqX
(Ph·∫ßn 2) T√¨m hi·ªÉu v·ªÅ BEM - CSS hi·ªáu qu·∫£ v·ªõi Sass Mixin,https://viblo.asia/p/phan-2-tim-hieu-ve-bem-css-hieu-qua-voi-sass-mixin-jvlKaqWkKVr
Google Guice - Java,https://viblo.asia/p/google-guice-java-oaOzbxjnREx
Animations in Angular,https://viblo.asia/p/animations-in-angular-eXoKWkDYKLO
10 step ƒë·ªÉ thi·∫øt k·∫ø b·∫•t k√¨ game 2D n√†o c≈©ng hay cho anh em [Ph·∫ßn 1],https://viblo.asia/p/10-step-de-thiet-ke-bat-ki-game-2d-nao-cung-hay-cho-anh-em-phan-1-rYvGwawxKVw
10 step ƒë·ªÉ thi·∫øt k·∫ø b·∫•t k√¨ game 2D n√†o c≈©ng hay cho anh em [Ph·∫ßn 2],https://viblo.asia/p/10-step-de-thiet-ke-bat-ki-game-2d-nao-cung-hay-cho-anh-em-phan-2-PmezQpQaKoB
Layer 4 vs Layer 7 Load Balancing on Linux,https://viblo.asia/p/layer-4-vs-layer-7-load-balancing-on-linux-eBYjv40yvxpV
Tr·ªü th√†nh Functional Programmer - Ph·∫ßn 1,https://viblo.asia/p/tro-thanh-functional-programmer-phan-1-PqOzvNbWzAB
HTTPS c√≥ th·ª±c s·ª± b·∫£o m·∫≠t?,https://viblo.asia/p/https-co-thuc-su-bao-mat-MJykjVoNkPB
Check if an integer number is power of 2 ,https://viblo.asia/p/check-if-an-integer-number-is-power-of-2-WApGx3QQM06y
[Become a SuperUser - Part 0] Unix vs Linux. Ngu·ªìn g·ªëc v√† s·ª± kh√°c bi·ªát,https://viblo.asia/p/become-a-superuser-part-0-unix-vs-linux-nguon-goc-va-su-khac-biet-rNkKxxMAKlm
ReactJS t·ª´ g√≥c nh√¨n c·ªßa ng∆∞·ªùi l·∫≠p tr√¨nh Frontend,https://viblo.asia/p/reactjs-tu-goc-nhin-cua-nguoi-lap-trinh-frontend-zNPVMakNvQOk
Gi·ªõi thi·ªáu c∆° b·∫£n v·ªÅ Tmux,https://viblo.asia/p/gioi-thieu-co-ban-ve-tmux-zoZVRgLEMmg5
github.io - Hi·ªán th·ª±c ho√° ∆∞·ªõc m∆° th·ªùi th∆° ·∫•u,https://viblo.asia/p/githubio-hien-thuc-hoa-uoc-mo-thoi-tho-au-0bDM6wkXG2X4
"Anh t·∫°o user cho em r·ªìi, v√†o ƒë·ªïi password ƒëi nh√©!",https://viblo.asia/p/anh-tao-user-cho-em-roi-vao-doi-password-di-nhe-aKYMNjjrM83E
Beezaro | L√†m HTML canvas game b·∫±ng Create JS,https://viblo.asia/p/beezaro-lam-html-canvas-game-bang-create-js-AQ3vVk3ZRbOr
Enum trong Rails - con dao hai l∆∞·ª°i,https://viblo.asia/p/enum-trong-rails-con-dao-hai-luoi-nwmGyElDGoW
Gi·ªõi thi·ªáu Lambda Expression trong Java 8,https://viblo.asia/p/gioi-thieu-lambda-expression-trong-java-8-EyORkbklGqB
Angular 2 architecture overview (P1),https://viblo.asia/p/angular-2-architecture-overview-p1-eXaRlwbeGmx
X·ª≠ l√≠ kh√¥ng ƒë·ªìng b·ªô trong javascript,https://viblo.asia/p/xu-li-khong-dong-bo-trong-javascript-MJykjVALkPB
MySQL Indexing,https://viblo.asia/p/mysql-indexing-PDOkqWxAGjx
Join vs Subquery: The Problem Of MySQL Query Optimizer?,https://viblo.asia/p/join-vs-subquery-the-problem-of-mysql-query-optimizer-mrDGMbgXezL
Laravel Mailables - Nh·ªØng thay ƒë·ªïi v·ªÅ vi·ªác s·ª≠ d·ª•ng mail trong Laravel 5.3,https://viblo.asia/p/laravel-mailables-nhung-thay-doi-ve-viec-su-dung-mail-trong-laravel-53-MdZkAjEpvox
C∆° b·∫£n v·ªÅ git,https://viblo.asia/p/co-ban-ve-git-roavrJdovRM
React + ES6 = kh√¥ng c√≤n autobind,https://viblo.asia/p/react-es6-khong-con-autobind-EoDkQOZbGbV
6 ƒëi·ªÅu r√∫t ra khi l√†m vi·ªác ·ªü d·ª± √°n l·ªõn,https://viblo.asia/p/6-dieu-rut-ra-khi-lam-viec-o-du-an-lon-bxjvZOBjGJZ
"Nh·ªØng th√≥i quen x·∫•u l√†m k√¨m h√£m s·ª± ti·∫øn b·ªô c·ªßa c√°c l·∫≠p tr√¨nh vi√™n, m·ªõi b·∫Øt ƒë·∫ßu l√†m ch∆∞a l√¢u, m√† t√¥i ƒë√£ nh·∫≠n ra trong khi k√®m c·∫∑p h·ªç",https://viblo.asia/p/nhung-thoi-quen-xau-lam-kim-ham-su-tien-bo-cua-cac-lap-trinh-vien-moi-bat-dau-lam-chua-lau-ma-toi-da-nhan-ra-trong-khi-kem-cap-ho-Zzb7vDnMjKdP
"Nh·ªØng nguy√™n t·∫Øc, nh·ªØng ƒë·ªãnh lu·∫≠t c·ªßa l·∫≠p tr√¨nh m√† ch√∫ng ta n√™n c√≥ s·∫µn trong ƒë·∫ßu",https://viblo.asia/p/nhung-nguyen-tac-nhung-dinh-luat-cua-lap-trinh-ma-chung-ta-nen-co-san-trong-dau-wpVYRP2kG4ng
MySQL Index Condition Pushdown,https://viblo.asia/p/mysql-index-condition-pushdown-ZjlealAZGqJ
Variables Comparison in Javascript,https://viblo.asia/p/variables-comparison-in-javascript-3ZabG9QwGzY6
Variable Comparison in PHP,https://viblo.asia/p/variable-comparison-in-php-3ZabG9mkGzY6
Laravel Beauty: Recipes & Best Practices,https://viblo.asia/p/laravel-beauty-recipes-best-practices-6BAMYk9Evnjz
Laravel Beauty: T√¨m hi·ªÉu v·ªÅ Service container,https://viblo.asia/p/laravel-beauty-tim-hieu-ve-service-container-3KbvZ1wLGmWB
Laravel Beauty: T√¨m hi·ªÉu v·ªÅ Service Provider,https://viblo.asia/p/laravel-beauty-tim-hieu-ve-service-provider-zb7vDVJnMjKd
Laravel Beauty: T√¨m hi·ªÉu v·ªÅ Facade,https://viblo.asia/p/laravel-beauty-tim-hieu-ve-facade-znVGLYLbvZOe
T√¨m hi·ªÉu v·ªÅ Strict Mode trong Javascript,https://viblo.asia/p/tim-hieu-ve-strict-mode-trong-javascript-jaqG0QQevEKw
Laravel Beauty: T√¨m hi·ªÉu v·ªÅ Contract,https://viblo.asia/p/laravel-beauty-tim-hieu-ve-contract-oZVRg4mpMmg5
Gi·ªõi thi·ªáu m·ªôt m√¥ h√¨nh s·ª≠ d·ª•ng Git branches hi·ªáu qu·∫£,https://viblo.asia/p/gioi-thieu-mot-mo-hinh-su-dung-git-branches-hieu-qua-ZabG9zy4vzY6
S·ª≠ d·ª•ng CDN ƒë·ªÉ gi·∫£m t·∫£i cho Server,https://viblo.asia/p/su-dung-cdn-de-giam-tai-cho-server-ymwGXOxoM4p1
Elasticsearch: Distributed Search,https://viblo.asia/p/elasticsearch-distributed-search-ZnbRlr6lG2Xo
Microservices,https://viblo.asia/p/microservices-OEqGj5BQM9bL
Meta programming in Javascript,https://viblo.asia/p/meta-programming-in-javascript-lA7GKweWGKZQ
T·ªïng quan v·ªÅ Laravel Echo,https://viblo.asia/p/tong-quan-ve-laravel-echo-3KbvZqK4GmWB
Laravel Eloquent Technique: Dedicated Query String Filtering,https://viblo.asia/p/laravel-eloquent-technique-dedicated-query-string-filtering-oZVRg4XZMmg5
S·ª≠ d·ª•ng EXPLAIN ƒë·ªÉ t·ªëi ∆∞u c√¢u l·ªánh MySQL,https://viblo.asia/p/su-dung-explain-de-toi-uu-cau-lenh-mysql-BYjv44gmvxpV
Nh·ªØng ƒëi·ªÅu l∆∞u √Ω khi vi·∫øt Unit Test - The Magic Tricks of Testing,https://viblo.asia/p/nhung-dieu-luu-y-khi-viet-unit-test-the-magic-tricks-of-testing-aRBvXxqbvWE
Code reviewing as a mindset,https://viblo.asia/p/code-reviewing-as-a-mindset-ZalKrNDZKqX
Android Gooey FAB Is EASY,https://viblo.asia/p/android-gooey-fab-is-easy-aWeGmgNAKBD
Ki·ªÉu d·ªØ li·ªáu NaN trong JavaScript - M·ªôt c√°i nh√¨n s√¢u s·∫Øc,https://viblo.asia/p/kieu-du-lieu-nan-trong-javascript-mot-cai-nhin-sau-sac-WEMGBVZBGQK
Tr·ªü th√†nh Functional Programmer - Ph·∫ßn 5,https://viblo.asia/p/tro-thanh-functional-programmer-phan-5-gkyzEoNoRnv
Chrome‚Äôs Console tricks,https://viblo.asia/p/chromes-console-tricks-rYvKwaDXGVw
T·∫•t c·∫£ nh·ªØng th·ª© b·∫°n c·∫ßn bi·∫øt v·ªÅ HTTP security headers,https://viblo.asia/p/tat-ca-nhung-thu-ban-can-biet-ve-http-security-headers-mDYGDPLVGpx
Tr·ªü th√†nh Functional Programmer - Ph·∫ßn 6,https://viblo.asia/p/tro-thanh-functional-programmer-phan-6-EyORkbjEGqB
D√πng Elasticsearch Geo Api ƒë·ªÉ gi·∫£i quy·∫øt c√°c b√†i to√°n t√¨m ki·∫øm ƒë·ªãa ƒëi·ªÉm,https://viblo.asia/p/dung-elasticsearch-geo-api-de-giai-quyet-cac-bai-toan-tim-kiem-dia-diem-aqkznbleznA
·ª®ng d·ª•ng thu·∫≠t to√°n ph√¢n c·ª•m K-means trong nh·∫≠n di·ªán ch·ªØ s·ªë vi·∫øt tay,https://viblo.asia/p/ung-dung-thuat-toan-phan-cum-k-means-trong-nhan-dien-chu-so-viet-tay-gEmROxmgKpv
Functional Reactive Programing v·ªõi Rxjs,https://viblo.asia/p/functional-reactive-programing-voi-rxjs-wgrGVxbMKVa
Tr·ªü th√†nh Functional Programmer - Ph·∫ßn 3,https://viblo.asia/p/tro-thanh-functional-programmer-phan-3-JdAGJgkgRgk
Tr·ªü th√†nh Functional Programmer - Ph·∫ßn 2,https://viblo.asia/p/tro-thanh-functional-programmer-phan-2-xlbzBNwxzDM
Tr·ªü th√†nh Functional Programmer - Ph·∫ßn 4,https://viblo.asia/p/tro-thanh-functional-programmer-phan-4-AoDKYNWQzvg
Tri·ªÉn khai d·ªãch v·ª• High Available v·ªõi  Keepalived + HAproxy tr√™n server Ubuntu,https://viblo.asia/p/trien-khai-dich-vu-high-available-voi-keepalived-haproxy-tren-server-ubuntu-jOxKdqWlzdm
URL with HashIDs in Rails App,https://viblo.asia/p/url-with-hashids-in-rails-app-lxrzXNLJReO
"Write no ""for"" loop",https://viblo.asia/p/write-no-for-loop-ZalGrNAPGqX
Destructuring Assignment in ES6,https://viblo.asia/p/destructuring-assignment-in-es6-xlbRBNQgRDM
Thu·∫≠t to√°n Minimax (AI trong Game),https://viblo.asia/p/thuat-toan-minimax-ai-trong-game-APqzeaVVzVe
T·∫°i sao kh√°i ni·ªám h∆∞·ªõng ƒë·ªëi t∆∞·ª£ng l·∫°i l√† ƒë·ªì b·ªè ƒëi?,https://viblo.asia/p/tai-sao-khai-niem-huong-doi-tuong-lai-la-do-bo-di-PaLGDmOQelX
Angular 2 architecture overview (P2),https://viblo.asia/p/angular-2-architecture-overview-p2-EyORkbyQGqB
